customer_id,churn_status,last_active_date
CUST_000001,0,2024-02-04 11:46:00
CUST_000002,0,2023-10-07 13:19:00
CUST_000003,0,2024-02-04 23:43:00
CUST_000004,1,2023-10-11 03:43:00
CUST_000005,0,2023-02-24 15:18:00
CUST_000006,0,2024-01-31 16:12:00
CUST_000007,1,2023-11-19 05:03:00
CUST_000008,0,2024-01-22 23:08:00
CUST_000009,0,2024-02-08 06:05:00
CUST_000010,1,2023-10-14 17:56:00
CUST_000011,0,2023-10-25 03:02:00
CUST_000012,1,2023-08-03 00:59:00
CUST_000013,1,2023-10-16 01:52:00
CUST_000014,1,2023-10-06 00:12:00
CUST_000015,0,2023-12-29 18:16:00
CUST_000016,0,2023-12-20 03:41:00
CUST_000017,1,2023-12-06 01:05:00
CUST_000018,1,2023-08-07 04:16:00
CUST_000019,0,2023-12-05 14:10:00
CUST_000020,0,2024-01-19 18:53:00
CUST_000021,0,2024-01-02 01:29:00
CUST_000022,1,2024-03-07 19:14:00
CUST_000023,1,2023-12-19 06:28:00
CUST_000024,1,2023-12-08
CUST_000025,0,2024-03-09 16:57:00
CUST_000026,0,2024-02-10 19:16:00
CUST_000027,1,2023-07-21 11:19:00
CUST_000028,1,2024-02-11 09:15:00
CUST_000029,1,2023-12-22 20:43:00
CUST_000030,1,2024-02-05 21:24:00
CUST_000031,0,2024-01-02 17:23:00
CUST_000032,1,2023-10-24 09:05:00
CUST_000033,0,2024-02-01 20:48:00
CUST_000034,0,2023-09-06 17:58:00
CUST_000035,0,2024-01-25 08:58:00
CUST_000036,0,2023-06-04 07:59:00
CUST_000037,0,2024-01-10 04:21:00
CUST_000038,0,2023-11-14 02:04:00
CUST_000039,1,2023-06-29 19:39:00
CUST_000040,1,2023-09-29 15:10:00
CUST_000041,1,2023-12-20 15:44:00
CUST_000042,1,2024-03-11 11:34:00
CUST_000043,1,2023-12-22 11:40:00
CUST_000044,0,2024-03-12 12:55:00
CUST_000045,1,2023-11-23 09:36:00
CUST_000046,1,2023-06-24 10:45:00
CUST_000047,0,2024-02-21 22:56:00
CUST_000048,0,2023-09-11 03:58:00
CUST_000049,1,2024-02-09 09:20:00
CUST_000050,0,2024-03-08 21:42:00
CUST_000051,1,2023-12-02 12:56:00
CUST_000052,1,2024-03-11 10:11:00
CUST_000053,1,2023-12-20 17:58:00
CUST_000054,0,2024-03-01 20:42:00
CUST_000055,0,2024-02-08 07:27:00
CUST_000056,1,2024-03-06 08:53:00
CUST_000057,0,2024-01-13 11:06:00
CUST_000058,0,2024-02-10 20:20:00
CUST_000059,0,2024-03-13 17:43:00
CUST_000060,1,2023-12-22 23:52:00
CUST_000061,0,2023-11-26 18:07:00
CUST_000062,0,2024-03-10 04:25:00
CUST_000063,0,2024-03-11 02:34:00
CUST_000064,1,2024-01-11 08:15:00
CUST_000065,0,2024-01-14 06:43:00
CUST_000066,1,2023-09-18 22:09:00
CUST_000067,0,2024-03-07 11:43:00
CUST_000068,0,2024-03-06 00:15:00
CUST_000069,0,2024-02-09 17:12:00
CUST_000070,0,2023-12-19 17:54:00
CUST_000071,1,2024-01-17 09:40:00
CUST_000072,0,2023-11-16 22:29:00
CUST_000073,1,2023-07-14 16:32:00
CUST_000074,0,2023-04-26 19:09:00
CUST_000075,0,2024-03-06 22:02:00
CUST_000076,1,2023-09-30 19:35:00
CUST_000077,1,2023-05-28 00:03:00
CUST_000078,0,2023-09-27 19:37:00
CUST_000079,1,2023-12-19 22:40:00
CUST_000080,1,2024-02-17 23:50:00
CUST_000081,0,2024-01-04 18:35:00
CUST_000082,0,2023-10-15 04:20:00
CUST_000083,0,2024-01-18 07:29:00
CUST_000084,0,2024-01-16 16:39:00
CUST_000085,0,2024-01-24 04:32:00
CUST_000086,0,2024-01-02 17:27:00
CUST_000087,0,2024-01-24 07:09:00
CUST_000088,1,2023-11-14 16:41:00
CUST_000089,1,2023-12-07 13:13:00
CUST_000090,0,2024-02-09 01:11:00
CUST_000091,0,2023-09-29 08:40:00
CUST_000092,0,2024-02-28 21:10:00
CUST_000093,0,2024-02-04 11:00:00
CUST_000094,1,2023-07-23 07:05:00
CUST_000095,0,2023-11-04 19:47:00
CUST_000096,0,2024-02-20 00:21:00
CUST_000097,1,2023-09-17 14:58:00
CUST_000098,0,2024-02-29 23:15:00
CUST_000099,1,2024-01-19 06:25:00
CUST_000100,0,2024-02-21 01:25:00
CUST_000101,1,2024-02-25 05:50:00
CUST_000102,1,2023-12-29 23:37:00
CUST_000103,0,2024-02-01 07:42:00
CUST_000104,1,2023-11-02 18:32:00
CUST_000105,0,2024-01-16 16:27:00
CUST_000106,1,2024-02-08 10:20:00
CUST_000107,1,2023-09-11 06:41:00
CUST_000108,0,2023-12-24 07:30:00
CUST_000109,1,2024-02-24 07:42:00
CUST_000110,0,2024-03-12 02:01:00
CUST_000111,0,2024-02-05 19:22:00
CUST_000112,1,2023-09-15 13:55:00
CUST_000113,1,2023-06-27 01:20:00
CUST_000114,0,2024-03-07 14:26:00
CUST_000115,0,2023-12-16 07:34:00
CUST_000116,1,2023-08-28 03:26:00
CUST_000117,0,2023-12-14 21:49:00
CUST_000118,0,2024-03-11 22:19:00
CUST_000119,0,2023-11-03 07:17:00
CUST_000120,1,2024-03-08 23:24:00
CUST_000121,0,2024-03-14 17:27:00
CUST_000122,1,2023-07-02 18:55:00
CUST_000123,1,2023-10-01 22:27:00
CUST_000124,1,2023-12-23
CUST_000125,1,2023-10-27 21:32:00
CUST_000126,0,2024-02-27 16:09:00
CUST_000127,0,2023-12-31 04:42:00
CUST_000128,1,2023-11-06
CUST_000129,1,2024-02-23 11:07:00
CUST_000130,1,2023-07-26 21:33:00
CUST_000131,0,2024-01-09 05:46:00
CUST_000132,1,2023-10-26 16:12:00
CUST_000133,0,2024-02-14 00:24:00
CUST_000134,1,2023-07-13 00:02:00
CUST_000135,1,2023-07-01 15:14:00
CUST_000136,1,2023-08-25 13:17:00
CUST_000137,0,2023-08-06 23:17:00
CUST_000138,0,2023-04-12 06:29:00
CUST_000139,0,2023-12-14 23:40:00
CUST_000140,0,2023-11-27 06:31:00
CUST_000141,1,2023-12-16 13:04:00
CUST_000142,0,2023-12-09 18:00:00
CUST_000143,1,2023-03-25 18:59:00
CUST_000144,1,2023-12-01 18:50:00
CUST_000145,0,2024-01-07 13:43:00
CUST_000146,0,2024-03-05 06:33:00
CUST_000147,0,2024-02-08 02:02:00
CUST_000148,1,2023-12-26 17:37:00
CUST_000149,1,2023-10-05 11:00:00
CUST_000150,1,2023-09-15 10:45:00
CUST_000151,1,2024-01-03 14:30:00
CUST_000152,0,2024-03-09 18:29:00
CUST_000153,1,2023-11-16 11:10:00
CUST_000154,0,2023-11-09 03:21:00
CUST_000155,1,2023-12-06 17:21:00
CUST_000156,0,2024-01-07 19:00:00
CUST_000157,0,2023-10-06 06:31:00
CUST_000158,0,2024-01-25 00:38:00
CUST_000159,0,2023-12-28 16:27:00
CUST_000160,1,2023-11-12 21:01:00
CUST_000161,0,2024-02-12 19:01:00
CUST_000162,1,2024-01-07 03:07:00
CUST_000163,1,2023-11-01 11:28:00
CUST_000164,0,2024-02-21 09:23:00
CUST_000165,1,2023-08-26 07:00:00
CUST_000166,1,2024-01-03 03:49:00
CUST_000167,0,2024-02-12 21:31:00
CUST_000168,0,2024-02-04 05:00:00
CUST_000169,1,2024-01-13 00:09:00
CUST_000170,0,2023-11-30 20:29:00
CUST_000171,0,2024-02-05 16:41:00
CUST_000172,0,2024-01-23 23:51:00
CUST_000173,1,2024-02-19 12:56:00
CUST_000174,0,2024-02-01 12:48:00
CUST_000175,0,2023-09-03 21:13:00
CUST_000176,0,2023-10-26 02:20:00
CUST_000177,1,2023-12-29 06:32:00
CUST_000178,1,2024-01-04 08:04:00
CUST_000179,0,2023-12-07 11:30:00
CUST_000180,0,2024-03-06 06:15:00
CUST_000181,0,2023-12-29 00:19:00
CUST_000182,0,2024-03-14 23:47:00
CUST_000183,0,2024-01-22 01:53:00
CUST_000184,1,2024-02-03 01:41:00
CUST_000185,1,2024-02-02 21:47:00
CUST_000186,1,2023-12-06 12:54:00
CUST_000187,1,2023-07-16 07:57:00
CUST_000188,1,2023-11-11 04:09:00
CUST_000189,1,2023-09-29 02:29:00
CUST_000190,0,2023-10-12 20:23:00
CUST_000191,0,2024-01-29 09:15:00
CUST_000192,0,2023-09-22 12:27:00
CUST_000193,1,2023-12-18 20:55:00
CUST_000194,0,2024-02-02 22:30:00
CUST_000195,0,2023-10-19 03:08:00
CUST_000196,0,2024-03-03 14:16:00
CUST_000197,1,2023-12-05 02:09:00
CUST_000198,0,2024-01-19 18:12:00
CUST_000199,0,2024-01-28 18:12:00
CUST_000200,0,2023-12-10 11:28:00
CUST_000201,0,2024-01-06 17:16:00
CUST_000202,0,2023-11-11 19:17:00
CUST_000203,1,2024-02-11 06:27:00
CUST_000204,1,2023-07-23 15:29:00
CUST_000205,0,2024-02-13 12:10:00
CUST_000206,1,2023-11-25 16:24:00
CUST_000207,1,2023-11-05 01:49:00
CUST_000208,0,2023-08-15 19:38:00
CUST_000209,1,2024-02-19 07:45:00
CUST_000210,0,2024-02-29 17:49:00
CUST_000211,1,2024-02-22
CUST_000212,1,2024-01-13 04:26:00
CUST_000213,0,2024-03-13 17:40:00
CUST_000214,0,2023-12-15 00:01:00
CUST_000215,1,2023-07-27 18:09:00
CUST_000216,0,2023-12-15 06:03:00
CUST_000217,0,2024-01-18 08:56:00
CUST_000218,0,2024-01-03 02:01:00
CUST_000219,1,2023-08-01 03:35:00
CUST_000220,1,2024-02-21 13:09:00
CUST_000221,1,2023-10-22 15:25:00
CUST_000222,1,2024-03-07 15:25:00
CUST_000223,0,2023-08-20 09:57:00
CUST_000224,1,2023-12-15 00:52:00
CUST_000225,0,2024-03-04 02:12:00
CUST_000226,1,2024-01-18 21:24:00
CUST_000227,0,2024-02-24 05:26:00
CUST_000228,1,2024-03-04 10:55:00
CUST_000229,1,2023-08-28 18:22:00
CUST_000230,0,2024-02-27 05:25:00
CUST_000231,0,2023-12-31 06:44:00
CUST_000232,0,2023-12-15 00:01:00
CUST_000233,1,2023-08-04 18:42:00
CUST_000234,1,2023-06-04 23:46:00
CUST_000235,1,2024-01-28 18:09:00
CUST_000236,0,2024-02-22 21:21:00
CUST_000237,0,2023-11-17 01:57:00
CUST_000238,1,2024-02-05 03:45:00
CUST_000239,0,2023-11-20 16:50:00
CUST_000240,1,2024-01-26 12:32:00
CUST_000241,1,2023-11-18 19:22:00
CUST_000242,0,2023-11-13 15:27:00
CUST_000243,1,2023-11-13 13:10:00
CUST_000244,1,2023-10-06 01:47:00
CUST_000245,1,2023-11-30 02:51:00
CUST_000246,1,2023-05-15 14:59:00
CUST_000247,1,2023-10-11 21:19:00
CUST_000248,0,2023-11-01 12:22:00
CUST_000249,0,2023-10-28 05:32:00
CUST_000250,1,2023-10-03 05:53:00
CUST_000251,0,2024-02-17 08:48:00
CUST_000252,0,2024-02-15 01:02:00
CUST_000253,0,2024-01-24 15:27:00
CUST_000254,1,2023-10-03 16:13:00
CUST_000255,1,2024-02-01 01:13:00
CUST_000256,0,2024-03-07 06:51:00
CUST_000257,1,2024-01-07 23:58:00
CUST_000258,1,2023-10-05 20:16:00
CUST_000259,0,2024-01-20 01:13:00
CUST_000260,1,2024-01-22 17:45:00
CUST_000261,0,2024-02-09 16:56:00
CUST_000262,1,2024-01-28 22:19:00
CUST_000263,1,2023-12-24 00:03:00
CUST_000264,1,2023-11-11 03:05:00
CUST_000265,1,2023-12-04 05:07:00
CUST_000266,0,2023-12-24 12:00:00
CUST_000267,1,2023-04-13
CUST_000268,0,2024-01-18 05:01:00
CUST_000269,1,2023-07-13 23:51:00
CUST_000270,0,2023-11-29 07:47:00
CUST_000271,0,2023-05-31 07:24:00
CUST_000272,1,2023-07-11 01:28:00
CUST_000273,1,2023-05-22 03:36:00
CUST_000274,0,2024-01-29 22:00:00
CUST_000275,1,2024-03-11 10:18:00
CUST_000276,0,2024-03-03 11:27:00
CUST_000277,1,2023-07-29 08:54:00
CUST_000278,0,2024-01-30 10:18:00
CUST_000279,0,2024-02-21 08:59:00
CUST_000280,0,2024-02-13 18:00:00
CUST_000281,0,2024-03-05 20:18:00
CUST_000282,0,2023-10-04 06:40:00
CUST_000283,0,2024-02-12 09:21:00
CUST_000284,1,2023-12-22 10:32:00
CUST_000285,0,2024-02-17 18:28:00
CUST_000286,0,2024-03-03 08:10:00
CUST_000287,1,2024-01-24 22:54:00
CUST_000288,0,2024-02-22 19:18:00
CUST_000289,0,2023-12-16 12:57:00
CUST_000290,1,2023-12-17 06:51:00
CUST_000291,0,2023-12-31 16:01:00
CUST_000292,1,2023-06-30 18:01:00
CUST_000293,0,2024-01-01 18:03:00
CUST_000294,0,2024-02-03 01:30:00
CUST_000295,1,2024-01-19 01:47:00
CUST_000296,1,2023-09-11 04:14:00
CUST_000297,1,2024-01-08 11:53:00
CUST_000298,0,2024-01-13 18:06:00
CUST_000299,0,2024-03-08 02:07:00
CUST_000300,1,2023-08-20 08:43:00
CUST_000301,0,2024-03-11 10:14:00
CUST_000302,0,2023-10-30 23:08:00
CUST_000303,0,2024-02-11 11:03:00
CUST_000304,1,2023-11-20 06:57:00
CUST_000305,1,2023-10-27 02:33:00
CUST_000306,1,2024-02-12 09:54:00
CUST_000307,1,2024-02-16 17:01:00
CUST_000308,0,2024-01-02 10:40:00
CUST_000309,1,2023-06-07 02:23:00
CUST_000310,1,2023-05-11 18:26:00
CUST_000311,0,2023-09-29 16:03:00
CUST_000312,0,2024-02-26 09:08:00
CUST_000313,0,2024-02-02 10:19:00
CUST_000314,1,2023-01-18
CUST_000315,0,2023-10-06 13:34:00
CUST_000316,1,2023-12-10 23:36:00
CUST_000317,0,2024-01-13 19:50:00
CUST_000318,1,2023-03-20 15:09:00
CUST_000319,0,2023-03-23 08:44:00
CUST_000320,0,2023-09-04 01:27:00
CUST_000321,0,2024-03-06 17:18:00
CUST_000322,0,2024-02-02 01:44:00
CUST_000323,0,2024-03-13 21:37:00
CUST_000324,1,2023-11-23 07:53:00
CUST_000325,1,2024-03-09 02:36:00
CUST_000326,1,2023-11-30 13:49:00
CUST_000327,1,2023-12-02 00:05:00
CUST_000328,1,2023-11-15 01:27:00
CUST_000329,1,2024-02-18 07:25:00
CUST_000330,1,2023-12-12 06:27:00
CUST_000331,1,2023-02-22 10:34:00
CUST_000332,1,2024-01-20 17:00:00
CUST_000333,0,2024-01-10 16:38:00
CUST_000334,0,2024-02-19 14:22:00
CUST_000335,1,2024-03-14 09:09:00
CUST_000336,0,2024-01-23 13:59:00
CUST_000337,0,2023-09-29 07:05:00
CUST_000338,0,2024-03-09 10:01:00
CUST_000339,1,2024-02-10 05:24:00
CUST_000340,1,2023-02-09 11:49:00
CUST_000341,1,2023-11-02 01:00:00
CUST_000342,0,2023-12-27 12:06:00
CUST_000343,1,2023-11-01 14:15:00
CUST_000344,0,2024-02-19 14:22:00
CUST_000345,0,2023-06-03 14:11:00
CUST_000346,0,2024-01-04 03:07:00
CUST_000347,1,2024-01-01 02:20:00
CUST_000348,0,2023-12-09 09:12:00
CUST_000349,1,2023-11-26 00:32:00
CUST_000350,1,2023-05-19 03:44:00
CUST_000351,1,2023-03-11
CUST_000352,0,2023-05-13 09:12:00
CUST_000353,0,2024-01-17 21:36:00
CUST_000354,0,2024-03-01 09:32:00
CUST_000355,1,2024-03-07 00:19:00
CUST_000356,0,2024-01-14 01:34:00
CUST_000357,1,2024-01-09 18:22:00
CUST_000358,1,2023-07-18 08:56:00
CUST_000359,0,2023-09-19 21:35:00
CUST_000360,1,2023-12-18 06:12:00
CUST_000361,0,2023-07-13 04:41:00
CUST_000362,0,2023-11-14 04:35:00
CUST_000363,1,2023-02-18 05:50:00
CUST_000364,1,2024-03-01 07:22:00
CUST_000365,0,2023-12-11 07:33:00
CUST_000366,0,2024-03-13 05:07:00
CUST_000367,0,2023-12-31 21:55:00
CUST_000368,1,2023-06-28 19:57:00
CUST_000369,0,2024-03-10 01:21:00
CUST_000370,1,2023-11-30 05:41:00
CUST_000371,1,2023-12-25 05:06:00
CUST_000372,1,2023-09-11 23:07:00
CUST_000373,0,2023-10-23 18:58:00
CUST_000374,0,2023-10-10 20:12:00
CUST_000375,1,2024-03-01 07:01:00
CUST_000376,0,2023-10-09 19:58:00
CUST_000377,1,2024-03-12 09:17:00
CUST_000378,0,2024-02-20 11:54:00
CUST_000379,0,2024-03-02 11:31:00
CUST_000380,1,2023-02-27
CUST_000381,0,2024-01-09 06:18:00
CUST_000382,0,2024-02-20 10:02:00
CUST_000383,0,2023-12-18 11:24:00
CUST_000384,0,2024-02-04 13:00:00
CUST_000385,0,2024-01-29 02:50:00
CUST_000386,0,2023-12-26 11:28:00
CUST_000387,1,2024-02-13 05:33:00
CUST_000388,0,2024-02-17 21:00:00
CUST_000389,0,2024-01-27 03:44:00
CUST_000390,1,2024-03-05 07:18:00
CUST_000391,1,2023-06-11 04:13:00
CUST_000392,0,2023-12-20 04:36:00
CUST_000393,0,2024-01-13 10:26:00
CUST_000394,1,2023-01-04 20:12:00
CUST_000395,0,2024-02-26 06:58:00
CUST_000396,1,2023-03-08 14:31:00
CUST_000397,1,2024-02-27 04:27:00
CUST_000398,0,2024-01-27 06:33:00
CUST_000399,0,2023-11-08 07:20:00
CUST_000400,0,2024-03-02 00:23:00
CUST_000401,1,2023-07-29 14:06:00
CUST_000402,1,2023-12-23 14:28:00
CUST_000403,0,2024-02-28 17:27:00
CUST_000404,1,2023-07-08 03:28:00
CUST_000405,1,2023-11-11 23:55:00
CUST_000406,0,2024-03-04 07:02:00
CUST_000407,0,2024-03-05 17:25:00
CUST_000408,0,2023-12-01 23:32:00
CUST_000409,0,2024-03-09 19:13:00
CUST_000410,0,2023-09-09 14:43:00
CUST_000411,0,2024-01-23 04:19:00
CUST_000412,0,2024-02-17 07:56:00
CUST_000413,0,2024-01-26 18:51:00
CUST_000414,1,2023-12-09 06:52:00
CUST_000415,1,2023-07-25 09:24:00
CUST_000416,0,2023-12-25 02:16:00
CUST_000417,0,2023-11-08 16:16:00
CUST_000418,0,2024-01-21 19:05:00
CUST_000419,0,2023-04-17 11:39:00
CUST_000420,0,2024-03-01 05:11:00
CUST_000421,1,2023-05-16 19:47:00
CUST_000422,0,2023-12-04 13:34:00
CUST_000423,0,2023-12-28 05:11:00
CUST_000424,1,2024-03-12 10:40:00
CUST_000425,1,2023-09-06 13:48:00
CUST_000426,0,2023-06-07 06:14:00
CUST_000427,1,2023-09-11 03:25:00
CUST_000428,0,2023-11-10 01:29:00
CUST_000429,0,2023-11-03 23:20:00
CUST_000430,0,2024-02-01 10:34:00
CUST_000431,0,2024-02-14 16:23:00
CUST_000432,0,2024-01-05 22:56:00
CUST_000433,1,2023-12-15 21:54:00
CUST_000434,0,2024-02-08 09:58:00
CUST_000435,0,2023-11-18 18:47:00
CUST_000436,0,2023-12-09 12:53:00
CUST_000437,1,2023-06-18 21:18:00
CUST_000438,0,2024-03-09 02:26:00
CUST_000439,1,2024-03-10 07:18:00
CUST_000440,0,2024-01-11 19:16:00
CUST_000441,0,2024-02-27 20:56:00
CUST_000442,1,2023-01-13 06:43:00
CUST_000443,0,2024-03-08 00:51:00
CUST_000444,0,2023-10-07 03:08:00
CUST_000445,1,2023-10-05 02:22:00
CUST_000446,1,2023-08-20
CUST_000447,1,2023-05-16 21:16:00
CUST_000448,0,2024-01-01 11:00:00
CUST_000449,0,2024-02-24 01:19:00
CUST_000450,1,2023-02-01
CUST_000451,0,2023-10-29 17:02:00
CUST_000452,1,2023-06-04 03:47:00
CUST_000453,0,2023-08-16 08:34:00
CUST_000454,0,2023-12-30 10:14:00
CUST_000455,0,2024-02-19 18:23:00
CUST_000456,0,2024-02-02 03:31:00
CUST_000457,0,2023-10-09 11:03:00
CUST_000458,0,2023-11-08 08:47:00
CUST_000459,0,2023-06-17 21:10:00
CUST_000460,1,2024-02-17
CUST_000461,0,2023-09-25 13:40:00
CUST_000462,1,2023-09-11 14:18:00
CUST_000463,0,2024-03-14 09:57:00
CUST_000464,1,2023-08-13 02:47:00
CUST_000465,0,2023-10-17 14:53:00
CUST_000466,1,2024-02-12 18:12:00
CUST_000467,0,2023-12-23 18:46:00
CUST_000468,1,2023-07-06 21:02:00
CUST_000469,0,2024-02-01 11:32:00
CUST_000470,1,2023-10-24 08:25:00
CUST_000471,1,2023-10-05 13:46:00
CUST_000472,0,2023-12-19 07:02:00
CUST_000473,0,2024-03-11 02:05:00
CUST_000474,1,2023-04-03
CUST_000475,0,2023-12-21 02:30:00
CUST_000476,1,2024-03-07 10:11:00
CUST_000477,0,2023-11-06 00:39:00
CUST_000478,1,2023-10-15 18:44:00
CUST_000479,0,2023-12-26 20:35:00
CUST_000480,1,2023-06-06 05:21:00
CUST_000481,0,2023-09-05 16:42:00
CUST_000482,1,2023-09-11 06:59:00
CUST_000483,0,2024-03-12 17:20:00
CUST_000484,0,2024-01-28 05:53:00
CUST_000485,0,2023-08-02 04:12:00
CUST_000486,1,2023-11-20 00:23:00
CUST_000487,1,2023-12-23 08:56:00
CUST_000488,0,2023-09-04 22:49:00
CUST_000489,0,2024-02-25 17:35:00
CUST_000490,1,2023-04-20 07:42:00
CUST_000491,0,2023-12-16 17:01:00
CUST_000492,0,2024-02-22 12:59:00
CUST_000493,0,2024-03-14 19:35:00
CUST_000494,1,2023-11-20 21:12:00
CUST_000495,0,2024-03-11 13:02:00
CUST_000496,0,2023-12-30 03:48:00
CUST_000497,0,2024-02-08 21:22:00
CUST_000498,0,2024-02-07 15:37:00
CUST_000499,0,2023-11-13 07:31:00
CUST_000500,0,2024-03-03 23:52:00
CUST_000501,0,2024-03-06 12:42:00
CUST_000502,1,2023-11-11 10:14:00
CUST_000503,0,2024-02-29 23:51:00
CUST_000504,0,2024-02-25 13:18:00
CUST_000505,0,2023-12-31 07:21:00
CUST_000506,0,2023-07-31 20:23:00
CUST_000507,0,2023-08-23 21:20:00
CUST_000508,0,2023-10-09 19:03:00
CUST_000509,1,2024-01-24 18:24:00
CUST_000510,0,2023-11-14 15:38:00
CUST_000511,1,2023-10-26 09:03:00
CUST_000512,1,2023-11-29 14:00:00
CUST_000513,1,2023-12-01 17:59:00
CUST_000514,1,2024-02-13 22:05:00
CUST_000515,1,2023-12-09 09:13:00
CUST_000516,1,2023-07-21 15:53:00
CUST_000517,0,2023-08-26 05:03:00
CUST_000518,1,2024-02-14 20:15:00
CUST_000519,1,2023-08-29 18:44:00
CUST_000520,1,2023-08-14 02:46:00
CUST_000521,1,2023-11-05 15:53:00
CUST_000522,0,2024-03-11 02:37:00
CUST_000523,0,2024-03-02 16:27:00
CUST_000524,0,2023-12-30 03:17:00
CUST_000525,1,2023-07-24
CUST_000526,1,2023-10-28 13:07:00
CUST_000527,0,2023-12-17 16:17:00
CUST_000528,1,2023-12-29 16:01:00
CUST_000529,1,2023-12-04 17:12:00
CUST_000530,0,2024-01-02 19:36:00
CUST_000531,0,2023-08-21 03:33:00
CUST_000532,0,2024-01-21 03:59:00
CUST_000533,1,2024-01-11 00:12:00
CUST_000534,1,2023-05-18 15:46:00
CUST_000535,0,2024-02-16 21:03:00
CUST_000536,1,2023-05-13 20:11:00
CUST_000537,1,2023-05-13 12:30:00
CUST_000538,0,2023-11-21 14:26:00
CUST_000539,0,2024-03-11 17:20:00
CUST_000540,0,2023-11-06 07:42:00
CUST_000541,0,2024-02-05 02:55:00
CUST_000542,0,2024-01-02 11:00:00
CUST_000543,0,2024-01-17 02:22:00
CUST_000544,0,2023-10-07 07:08:00
CUST_000545,0,2024-02-04 22:31:00
CUST_000546,0,2024-03-01 05:48:00
CUST_000547,0,2023-09-08 23:41:00
CUST_000548,0,2023-10-10 17:42:00
CUST_000549,1,2024-02-25
CUST_000550,0,2023-07-26 18:35:00
CUST_000551,0,2023-12-12 22:41:00
CUST_000552,1,2023-10-22 09:58:00
CUST_000553,1,2023-11-23 05:33:00
CUST_000554,0,2024-02-19 01:51:00
CUST_000555,1,2024-01-31 04:06:00
CUST_000556,0,2023-11-14 12:42:00
CUST_000557,1,2024-02-24 20:17:00
CUST_000558,0,2024-02-21 12:41:00
CUST_000559,0,2024-03-12 07:45:00
CUST_000560,1,2023-02-21
CUST_000561,0,2024-01-25 13:20:00
CUST_000562,1,2023-11-23 06:14:00
CUST_000563,1,2023-07-31 00:40:00
CUST_000564,1,2023-11-18 08:35:00
CUST_000565,1,2023-12-19 16:26:00
CUST_000566,1,2024-01-12 18:07:00
CUST_000567,1,2024-01-25 17:48:00
CUST_000568,1,2023-12-06 19:23:00
CUST_000569,1,2023-07-02 04:37:00
CUST_000570,0,2023-09-07 21:38:00
CUST_000571,1,2024-01-07 22:50:00
CUST_000572,0,2024-02-03 07:14:00
CUST_000573,0,2024-03-04 11:00:00
CUST_000574,0,2024-01-25 23:38:00
CUST_000575,0,2024-01-24 19:48:00
CUST_000576,0,2024-01-22 02:33:00
CUST_000577,0,2023-11-29 09:15:00
CUST_000578,0,2024-01-30 08:14:00
CUST_000579,1,2024-02-05 21:39:00
CUST_000580,0,2024-01-23 18:02:00
CUST_000581,0,2023-11-09 04:28:00
CUST_000582,1,2023-02-08 22:15:00
CUST_000583,1,2023-10-16 02:13:00
CUST_000584,1,2023-08-18 19:38:00
CUST_000585,1,2023-12-08 07:04:00
CUST_000586,1,2024-01-15 05:27:00
CUST_000587,0,2024-02-19 11:21:00
CUST_000588,1,2023-09-11 01:41:00
CUST_000589,0,2024-02-14 15:43:00
CUST_000590,0,2023-12-31 10:15:00
CUST_000591,0,2024-02-29 10:48:00
CUST_000592,1,2024-02-21 02:40:00
CUST_000593,0,2023-12-07 06:25:00
CUST_000594,0,2024-02-11 00:36:00
CUST_000595,1,2024-02-26 05:47:00
CUST_000596,0,2023-12-20 10:55:00
CUST_000597,1,2023-09-05 01:46:00
CUST_000598,1,2023-11-01
CUST_000599,0,2024-02-07 02:22:00
CUST_000600,0,2023-11-18 18:12:00
CUST_000601,1,2024-02-27 10:37:00
CUST_000602,1,2024-02-29 12:01:00
CUST_000603,1,2023-12-01 08:07:00
CUST_000604,1,2024-02-17 22:08:00
CUST_000605,0,2023-12-05 14:14:00
CUST_000606,1,2023-12-28 11:19:00
CUST_000607,1,2024-02-14 18:51:00
CUST_000608,0,2024-03-14 07:42:00
CUST_000609,0,2024-02-07 21:44:00
CUST_000610,0,2023-10-31 14:59:00
CUST_000611,0,2023-07-20 16:32:00
CUST_000612,0,2024-01-21 08:55:00
CUST_000613,0,2023-10-15 02:28:00
CUST_000614,0,2023-09-30 07:21:00
CUST_000615,0,2023-10-03 19:14:00
CUST_000616,1,2024-03-08 04:21:00
CUST_000617,1,2023-11-25 10:13:00
CUST_000618,1,2024-02-07 04:11:00
CUST_000619,1,2023-09-08 06:46:00
CUST_000620,0,2024-01-30 16:37:00
CUST_000621,0,2024-02-03 08:19:00
CUST_000622,0,2024-01-20 02:32:00
CUST_000623,1,2023-08-21 01:15:00
CUST_000624,0,2024-02-18 02:09:00
CUST_000625,0,2024-01-06 08:26:00
CUST_000626,0,2023-12-25 20:47:00
CUST_000627,0,2024-01-28 13:34:00
CUST_000628,1,2023-12-06 01:31:00
CUST_000629,0,2024-01-18 18:34:00
CUST_000630,0,2024-02-19 12:52:00
CUST_000631,0,2023-12-31 03:16:00
CUST_000632,1,2023-02-18 17:06:00
CUST_000633,0,2024-02-19 01:28:00
CUST_000634,0,2024-01-22 14:49:00
CUST_000635,0,2024-02-29 05:55:00
CUST_000636,1,2023-09-12 15:19:00
CUST_000637,0,2024-01-27 10:39:00
CUST_000638,1,2024-03-03 04:02:00
CUST_000639,0,2024-01-25 22:56:00
CUST_000640,0,2023-10-08 18:53:00
CUST_000641,1,2023-05-18 05:05:00
CUST_000642,1,2023-07-20 05:18:00
CUST_000643,0,2023-12-30 10:51:00
CUST_000644,0,2023-12-30 20:08:00
CUST_000645,0,2024-01-18 05:08:00
CUST_000646,0,2023-12-29 02:20:00
CUST_000647,1,2023-04-28
CUST_000648,1,2023-06-07
CUST_000649,1,2024-01-12 02:10:00
CUST_000650,1,2023-08-05 07:48:00
CUST_000651,0,2024-02-19 05:00:00
CUST_000652,1,2024-01-27 22:19:00
CUST_000653,0,2023-09-14 22:13:00
CUST_000654,1,2023-09-17 12:43:00
CUST_000655,0,2024-01-24 01:28:00
CUST_000656,0,2023-12-22 17:21:00
CUST_000657,0,2023-10-08 02:02:00
CUST_000658,0,2024-02-28 16:28:00
CUST_000659,1,2023-11-03 13:55:00
CUST_000660,0,2023-12-14 14:27:00
CUST_000661,0,2023-04-18 23:44:00
CUST_000662,0,2024-03-05 23:41:00
CUST_000663,1,2024-03-05 04:47:00
CUST_000664,1,2023-02-07 17:50:00
CUST_000665,0,2024-03-12 05:54:00
CUST_000666,0,2024-01-07 07:50:00
CUST_000667,1,2023-12-21 21:31:00
CUST_000668,1,2024-02-29 21:26:00
CUST_000669,0,2024-03-10 07:34:00
CUST_000670,0,2024-02-24 21:46:00
CUST_000671,0,2024-01-14 08:43:00
CUST_000672,0,2024-02-13 03:54:00
CUST_000673,1,2024-01-29 09:42:00
CUST_000674,0,2024-03-04 08:22:00
CUST_000675,1,2023-08-20 09:04:00
CUST_000676,0,2024-03-10 09:04:00
CUST_000677,1,2023-11-28 18:21:00
CUST_000678,1,2023-12-23 08:12:00
CUST_000679,1,2023-11-02 14:48:00
CUST_000680,1,2023-07-26 18:44:00
CUST_000681,1,2023-11-13 09:32:00
CUST_000682,1,2023-09-13 15:31:00
CUST_000683,1,2023-09-13 08:55:00
CUST_000684,1,2024-01-20 13:05:00
CUST_000685,0,2024-03-06 11:29:00
CUST_000686,0,2024-03-04 10:07:00
CUST_000687,1,2023-12-20 10:58:00
CUST_000688,0,2024-02-05 01:45:00
CUST_000689,1,2024-01-24 07:34:00
CUST_000690,1,2024-02-29 11:26:00
CUST_000691,0,2024-03-05 15:00:00
CUST_000692,1,2024-02-19 13:51:00
CUST_000693,1,2023-10-17 12:47:00
CUST_000694,0,2023-12-17 19:27:00
CUST_000695,0,2023-07-06 10:35:00
CUST_000696,0,2024-02-21 17:10:00
CUST_000697,1,2023-10-23 00:34:00
CUST_000698,0,2024-02-23 13:32:00
CUST_000699,0,2024-02-18 22:55:00
CUST_000700,0,2024-02-25 07:43:00
CUST_000701,1,2023-09-15 17:53:00
CUST_000702,0,2023-05-15 02:50:00
CUST_000703,0,2023-06-27 14:09:00
CUST_000704,0,2023-04-09 13:38:00
CUST_000705,0,2023-12-19 07:54:00
CUST_000706,1,2023-12-06 03:09:00
CUST_000707,0,2024-01-25 21:25:00
CUST_000708,0,2024-01-21 06:39:00
CUST_000709,1,2023-09-11 21:59:00
CUST_000710,1,2024-01-17 14:32:00
CUST_000711,0,2024-01-15 18:01:00
CUST_000712,0,2024-01-24 17:40:00
CUST_000713,0,2024-01-18 05:34:00
CUST_000714,1,2023-11-13 01:13:00
CUST_000715,0,2023-11-07 20:14:00
CUST_000716,1,2023-08-25 23:38:00
CUST_000717,0,2023-12-23 02:04:00
CUST_000718,1,2024-02-15 20:18:00
CUST_000719,1,2023-08-13 11:48:00
CUST_000720,0,2024-02-05 12:09:00
CUST_000721,0,2024-03-11 18:18:00
CUST_000722,0,2024-02-02 00:28:00
CUST_000723,0,2024-03-11 23:08:00
CUST_000724,0,2023-12-07 21:15:00
CUST_000725,0,2024-02-19 23:15:00
CUST_000726,0,2024-01-18 22:59:00
CUST_000727,0,2024-01-02 18:09:00
CUST_000728,0,2023-10-14 21:17:00
CUST_000729,0,2023-05-16 10:01:00
CUST_000730,0,2024-01-23 23:06:00
CUST_000731,0,2023-10-19 20:58:00
CUST_000732,1,2024-02-22 11:06:00
CUST_000733,0,2023-11-04 20:52:00
CUST_000734,1,2024-02-01 02:39:00
CUST_000735,1,2023-11-23
CUST_000736,1,2023-03-29 05:57:00
CUST_000737,1,2023-07-08 16:36:00
CUST_000738,1,2023-05-27 20:46:00
CUST_000739,1,2023-11-28 12:00:00
CUST_000740,0,2023-11-21 22:12:00
CUST_000741,0,2024-03-02 20:02:00
CUST_000742,1,2024-02-26 00:39:00
CUST_000743,0,2023-10-24 17:29:00
CUST_000744,0,2023-12-15 21:46:00
CUST_000745,0,2024-02-10 23:40:00
CUST_000746,0,2024-02-21 20:33:00
CUST_000747,1,2023-01-11
CUST_000748,1,2023-09-23 04:19:00
CUST_000749,1,2023-11-25 03:30:00
CUST_000750,0,2023-12-08 03:58:00
CUST_000751,0,2024-01-26 04:13:00
CUST_000752,1,2023-10-03 22:00:00
CUST_000753,0,2024-01-25 06:27:00
CUST_000754,1,2023-09-10 02:16:00
CUST_000755,0,2024-03-14 23:53:00
CUST_000756,1,2023-05-14 12:11:00
CUST_000757,0,2024-01-20 19:36:00
CUST_000758,1,2024-02-03 23:24:00
CUST_000759,0,2023-12-23 13:07:00
CUST_000760,0,2023-08-08 05:23:00
CUST_000761,1,2023-06-20 16:14:00
CUST_000762,1,2024-02-26 05:26:00
CUST_000763,1,2024-01-04 13:24:00
CUST_000764,1,2024-01-18 19:36:00
CUST_000765,1,2023-08-07 12:20:00
CUST_000766,1,2023-11-02 00:37:00
CUST_000767,0,2023-10-02 08:33:00
CUST_000768,0,2024-01-06 07:19:00
CUST_000769,0,2024-02-18 16:53:00
CUST_000770,0,2024-03-02 13:06:00
CUST_000771,1,2023-09-06 09:28:00
CUST_000772,1,2023-05-19 21:14:00
CUST_000773,1,2024-01-05 16:10:00
CUST_000774,0,2023-12-27 13:08:00
CUST_000775,0,2023-09-26 07:09:00
CUST_000776,0,2024-01-28 09:54:00
CUST_000777,0,2024-01-16 21:57:00
CUST_000778,0,2023-12-20 05:49:00
CUST_000779,0,2024-03-11 04:13:00
CUST_000780,0,2024-02-20 03:58:00
CUST_000781,1,2024-03-13 20:11:00
CUST_000782,0,2024-02-25 10:36:00
CUST_000783,0,2023-12-22 04:08:00
CUST_000784,1,2023-09-08 12:53:00
CUST_000785,0,2024-02-24 02:07:00
CUST_000786,0,2024-02-03 19:43:00
CUST_000787,1,2024-03-07 18:13:00
CUST_000788,0,2024-02-14 18:36:00
CUST_000789,0,2024-02-24 18:40:00
CUST_000790,1,2023-12-05 01:32:00
CUST_000791,0,2024-01-14 19:30:00
CUST_000792,0,2023-10-05 07:34:00
CUST_000793,0,2023-12-02 10:50:00
CUST_000794,0,2024-02-14 10:00:00
CUST_000795,0,2024-02-22 18:54:00
CUST_000796,0,2023-10-11 07:12:00
CUST_000797,0,2024-02-15 16:53:00
CUST_000798,0,2023-12-23 05:09:00
CUST_000799,0,2024-01-01 19:33:00
CUST_000800,0,2024-02-28 17:13:00
CUST_000801,0,2024-03-05 01:48:00
CUST_000802,1,2023-08-22 00:13:00
CUST_000803,0,2023-12-27 12:59:00
CUST_000804,1,2023-05-13 06:02:00
CUST_000805,1,2024-02-11 04:39:00
CUST_000806,1,2023-04-02 16:27:00
CUST_000807,1,2024-02-13 08:47:00
CUST_000808,1,2023-10-13 08:01:00
CUST_000809,0,2023-11-28 13:17:00
CUST_000810,0,2024-03-07 07:26:00
CUST_000811,1,2023-12-16 01:22:00
CUST_000812,1,2024-03-12 05:39:00
CUST_000813,0,2023-10-20 15:30:00
CUST_000814,1,2023-12-12 17:16:00
CUST_000815,0,2024-02-29 02:03:00
CUST_000816,1,2023-10-13 07:43:00
CUST_000817,1,2023-12-24 22:00:00
CUST_000818,0,2024-01-30 12:37:00
CUST_000819,0,2024-02-16 09:39:00
CUST_000820,0,2023-10-02 05:24:00
CUST_000821,1,2024-02-29 22:01:00
CUST_000822,0,2024-02-22 07:32:00
CUST_000823,0,2024-01-09 15:01:00
CUST_000824,1,2023-07-22 19:49:00
CUST_000825,0,2024-02-19 14:59:00
CUST_000826,0,2023-11-02 09:21:00
CUST_000827,1,2023-03-08 20:41:00
CUST_000828,0,2023-12-15 23:21:00
CUST_000829,1,2023-12-24 11:10:00
CUST_000830,0,2024-03-06 13:30:00
CUST_000831,1,2023-10-07 13:02:00
CUST_000832,1,2024-01-31 17:29:00
CUST_000833,0,2024-01-22 20:10:00
CUST_000834,0,2024-02-28 14:00:00
CUST_000835,0,2023-12-10 23:08:00
CUST_000836,0,2023-11-19 16:12:00
CUST_000837,0,2023-12-16 23:22:00
CUST_000838,0,2023-12-31 22:04:00
CUST_000839,1,2023-12-09 06:18:00
CUST_000840,0,2024-03-12 15:51:00
CUST_000841,0,2024-01-26 02:07:00
CUST_000842,0,2024-02-17 15:51:00
CUST_000843,0,2023-11-30 12:35:00
CUST_000844,1,2023-10-09 07:13:00
CUST_000845,1,2023-04-29 01:38:00
CUST_000846,1,2023-08-17 10:24:00
CUST_000847,0,2024-01-11 16:33:00
CUST_000848,1,2023-06-04 22:56:00
CUST_000849,1,2024-02-16 01:01:00
CUST_000850,0,2024-01-30 22:42:00
CUST_000851,1,2023-10-02 14:08:00
CUST_000852,1,2023-05-25 17:30:00
CUST_000853,1,2023-08-29 02:00:00
CUST_000854,0,2023-08-11 12:46:00
CUST_000855,0,2023-12-22 15:50:00
CUST_000856,0,2023-12-25 01:05:00
CUST_000857,1,2023-10-12
CUST_000858,0,2023-11-18 05:50:00
CUST_000859,1,2023-12-22 23:24:00
CUST_000860,1,2023-08-09 01:42:00
CUST_000861,0,2024-01-05 23:28:00
CUST_000862,0,2023-10-30 12:07:00
CUST_000863,0,2024-02-08 02:44:00
CUST_000864,0,2024-02-15 07:04:00
CUST_000865,1,2024-02-06 13:39:00
CUST_000866,1,2023-10-30 07:13:00
CUST_000867,0,2024-03-12 19:21:00
CUST_000868,1,2023-10-06 00:33:00
CUST_000869,1,2023-11-17 16:31:00
CUST_000870,1,2024-01-30 13:25:00
CUST_000871,1,2024-02-19 02:52:00
CUST_000872,0,2024-03-14 07:43:00
CUST_000873,1,2024-03-08
CUST_000874,0,2024-02-09 06:38:00
CUST_000875,1,2023-07-02 14:35:00
CUST_000876,0,2023-09-30 06:52:00
CUST_000877,1,2023-07-26 14:38:00
CUST_000878,0,2024-02-12 06:32:00
CUST_000879,1,2023-03-18 09:48:00
CUST_000880,1,2024-01-09 17:27:00
CUST_000881,1,2023-06-24 01:39:00
CUST_000882,1,2023-11-20 12:53:00
CUST_000883,0,2024-03-10 06:43:00
CUST_000884,0,2024-02-24 00:43:00
CUST_000885,1,2023-10-29 04:48:00
CUST_000886,0,2024-01-03 19:16:00
CUST_000887,0,2023-07-15 02:09:00
CUST_000888,0,2023-10-28 01:11:00
CUST_000889,1,2023-10-15 11:55:00
CUST_000890,0,2024-03-02 19:54:00
CUST_000891,1,2023-10-24 07:10:00
CUST_000892,1,2023-08-26 14:45:00
CUST_000893,0,2023-10-12 12:12:00
CUST_000894,1,2024-02-16 17:07:00
CUST_000895,0,2024-02-27 15:58:00
CUST_000896,1,2023-07-23 19:14:00
CUST_000897,0,2024-01-27 07:21:00
CUST_000898,1,2024-02-11 22:27:00
CUST_000899,1,2023-05-19 14:00:00
CUST_000900,1,2023-11-12 03:27:00
CUST_000901,1,2023-09-08 11:37:00
CUST_000902,0,2024-01-23 05:31:00
CUST_000903,0,2024-02-11 21:54:00
CUST_000904,1,2023-12-30 07:40:00
CUST_000905,1,2024-02-08 08:43:00
CUST_000906,1,2024-01-17 04:26:00
CUST_000907,0,2024-02-03 11:23:00
CUST_000908,0,2024-02-29 16:37:00
CUST_000909,0,2023-10-18 12:12:00
CUST_000910,0,2024-02-12 12:47:00
CUST_000911,1,2023-07-01 19:06:00
CUST_000912,0,2024-03-01 14:18:00
CUST_000913,1,2023-11-21
CUST_000914,1,2023-08-31 05:24:00
CUST_000915,0,2023-11-22 01:38:00
CUST_000916,0,2024-03-03 04:02:00
CUST_000917,0,2023-12-31 15:11:00
CUST_000918,1,2023-11-29 01:55:00
CUST_000919,0,2024-01-07 03:31:00
CUST_000920,0,2024-01-06 02:18:00
CUST_000921,0,2023-11-23 18:35:00
CUST_000922,1,2023-09-19 14:04:00
CUST_000923,0,2023-12-24 05:08:00
CUST_000924,1,2023-10-22 08:56:00
CUST_000925,0,2024-02-02 11:55:00
CUST_000926,0,2023-10-21 09:04:00
CUST_000927,1,2023-11-04 23:24:00
CUST_000928,0,2023-11-01 17:42:00
CUST_000929,1,2024-03-03 18:29:00
CUST_000930,0,2023-12-21 23:52:00
CUST_000931,1,2024-03-04 17:24:00
CUST_000932,0,2023-12-01 21:25:00
CUST_000933,1,2023-12-24
CUST_000934,1,2024-01-17 06:06:00
CUST_000935,1,2024-02-14 05:02:00
CUST_000936,0,2024-02-28 16:06:00
CUST_000937,0,2023-07-06 06:31:00
CUST_000938,1,2023-04-13 18:59:00
CUST_000939,0,2024-03-10 05:21:00
CUST_000940,0,2024-01-04 19:58:00
CUST_000941,1,2023-11-05 14:15:00
CUST_000942,1,2024-01-10 01:23:00
CUST_000943,1,2024-02-07 00:49:00
CUST_000944,0,2024-03-08 21:41:00
CUST_000945,0,2023-07-10 13:00:00
CUST_000946,0,2023-11-21 15:12:00
CUST_000947,0,2024-01-24 15:11:00
CUST_000948,0,2024-02-07 17:22:00
CUST_000949,0,2024-01-25 18:39:00
CUST_000950,1,2024-01-26 03:24:00
CUST_000951,1,2024-01-31 21:43:00
CUST_000952,1,2023-06-24 09:53:00
CUST_000953,1,2024-01-15 19:23:00
CUST_000954,0,2023-10-05 02:58:00
CUST_000955,1,2023-03-06 11:44:00
CUST_000956,0,2023-11-09 02:07:00
CUST_000957,0,2024-03-13 16:07:00
CUST_000958,0,2024-02-04 21:43:00
CUST_000959,0,2024-01-15 08:09:00
CUST_000960,0,2024-01-17 14:04:00
CUST_000961,0,2023-11-04 20:34:00
CUST_000962,1,2023-11-08 01:55:00
CUST_000963,0,2024-02-21 05:46:00
CUST_000964,1,2023-11-25 17:23:00
CUST_000965,1,2024-01-24 13:04:00
CUST_000966,0,2024-01-11 22:45:00
CUST_000967,1,2023-01-15 17:41:00
CUST_000968,1,2024-02-09 01:29:00
CUST_000969,1,2023-08-15 18:18:00
CUST_000970,0,2024-03-05 18:48:00
CUST_000971,0,2024-03-08 03:26:00
CUST_000972,1,2023-12-08 02:53:00
CUST_000973,1,2024-02-29 08:06:00
CUST_000974,1,2023-11-13 13:27:00
CUST_000975,1,2023-06-22 10:19:00
CUST_000976,1,2023-05-12 04:20:00
CUST_000977,0,2024-02-26 06:19:00
CUST_000978,1,2024-02-16 12:44:00
CUST_000979,1,2023-05-28 05:25:00
CUST_000980,0,2024-03-03 22:13:00
CUST_000981,0,2024-02-10 16:43:00
CUST_000982,0,2024-01-15 23:23:00
CUST_000983,1,2023-12-21 04:13:00
CUST_000984,1,2023-11-21 05:39:00
CUST_000985,0,2023-12-31 02:16:00
CUST_000986,0,2024-02-17 12:03:00
CUST_000987,0,2024-02-28 16:40:00
CUST_000988,0,2024-02-29 06:09:00
CUST_000989,0,2024-02-06 16:03:00
CUST_000990,1,2023-10-06 07:49:00
CUST_000991,0,2024-02-24 07:53:00
CUST_000992,1,2023-08-18 13:14:00
CUST_000993,1,2023-09-19 10:39:00
CUST_000994,1,2023-08-08 01:15:00
CUST_000995,0,2023-10-18 22:55:00
CUST_000996,0,2024-02-01 08:03:00
CUST_000997,0,2023-12-18 21:54:00
CUST_000998,1,2023-06-21 04:02:00
CUST_000999,1,2024-03-05 22:37:00
CUST_001000,0,2024-02-13 01:57:00
CUST_001001,1,2024-01-02 23:03:00
CUST_001002,1,2024-02-17 22:15:00
CUST_001003,0,2024-01-03 17:29:00
CUST_001004,1,2023-08-09 06:40:00
CUST_001005,0,2024-02-23 10:08:00
CUST_001006,0,2024-01-27 04:25:00
CUST_001007,0,2024-03-02 10:12:00
CUST_001008,0,2024-02-28 07:00:00
CUST_001009,0,2024-02-15 21:54:00
CUST_001010,0,2024-02-29 18:12:00
CUST_001011,0,2024-02-24 04:07:00
CUST_001012,0,2024-02-08 02:32:00
CUST_001013,0,2023-11-25 07:11:00
CUST_001014,0,2023-12-25 13:24:00
CUST_001015,1,2023-03-11 22:06:00
CUST_001016,1,2023-08-21 16:13:00
CUST_001017,0,2024-02-02 03:14:00
CUST_001018,1,2023-12-09 15:18:00
CUST_001019,0,2023-12-12 00:45:00
CUST_001020,0,2024-02-11 05:10:00
CUST_001021,1,2023-12-04 22:04:00
CUST_001022,0,2024-01-29 04:31:00
CUST_001023,0,2024-02-13 20:13:00
CUST_001024,1,2023-12-08 05:33:00
CUST_001025,0,2023-11-14 20:29:00
CUST_001026,0,2023-12-15 04:45:00
CUST_001027,0,2024-01-17 03:53:00
CUST_001028,1,2023-12-29 08:40:00
CUST_001029,0,2023-12-13 19:51:00
CUST_001030,1,2023-09-12 14:40:00
CUST_001031,1,2024-01-25 12:03:00
CUST_001032,0,2023-10-22 08:00:00
CUST_001033,0,2024-02-09 12:27:00
CUST_001034,0,2024-01-24 18:29:00
CUST_001035,1,2023-06-17 12:06:00
CUST_001036,0,2024-03-08 18:09:00
CUST_001037,1,2023-09-15 05:29:00
CUST_001038,1,2024-01-25 09:04:00
CUST_001039,0,2023-09-27 08:08:00
CUST_001040,1,2024-03-11 13:03:00
CUST_001041,1,2024-02-03 12:58:00
CUST_001042,1,2023-09-22 12:30:00
CUST_001043,1,2023-10-18 18:28:00
CUST_001044,1,2023-05-25 15:28:00
CUST_001045,1,2024-02-10 08:32:00
CUST_001046,1,2023-07-26 20:33:00
CUST_001047,1,2023-12-02 14:25:00
CUST_001048,1,2023-11-07 15:50:00
CUST_001049,1,2023-12-21 06:22:00
CUST_001050,0,2024-02-06 13:26:00
CUST_001051,1,2024-02-04 18:28:00
CUST_001052,0,2023-12-22 07:21:00
CUST_001053,0,2024-02-11 07:44:00
CUST_001054,1,2023-12-09 17:21:00
CUST_001055,0,2024-03-10 16:48:00
CUST_001056,1,2024-02-24 10:32:00
CUST_001057,1,2024-01-13 01:17:00
CUST_001058,1,2024-01-29 18:05:00
CUST_001059,0,2023-08-20 09:54:00
CUST_001060,1,2023-10-25
CUST_001061,1,2023-08-05 02:27:00
CUST_001062,1,2023-05-01 00:27:00
CUST_001063,1,2024-02-16 06:26:00
CUST_001064,1,2024-02-29 04:32:00
CUST_001065,1,2023-07-16 12:37:00
CUST_001066,0,2024-01-18 00:29:00
CUST_001067,1,2024-01-19 17:56:00
CUST_001068,1,2024-03-04 16:53:00
CUST_001069,1,2023-10-07 20:12:00
CUST_001070,1,2023-08-11 12:07:00
CUST_001071,0,2023-11-04 17:37:00
CUST_001072,0,2024-02-04 20:26:00
CUST_001073,0,2024-01-02 14:06:00
CUST_001074,1,2023-08-31 00:20:00
CUST_001075,0,2024-03-11 17:26:00
CUST_001076,1,2023-08-20 04:18:00
CUST_001077,1,2024-02-09 23:33:00
CUST_001078,1,2023-12-10 01:01:00
CUST_001079,1,2023-04-07 03:50:00
CUST_001080,1,2024-01-04 03:13:00
CUST_001081,1,2023-11-03
CUST_001082,0,2024-03-13 10:01:00
CUST_001083,0,2024-02-05 22:02:00
CUST_001084,1,2024-03-11 04:59:00
CUST_001085,1,2023-05-30 14:35:00
CUST_001086,1,2023-03-07
CUST_001087,0,2024-02-20 04:20:00
CUST_001088,0,2023-09-20 06:51:00
CUST_001089,0,2023-12-12 02:09:00
CUST_001090,0,2024-01-09 17:23:00
CUST_001091,1,2024-03-09 08:50:00
CUST_001092,1,2024-02-09 11:49:00
CUST_001093,1,2023-07-24 20:49:00
CUST_001094,1,2024-01-10 03:31:00
CUST_001095,0,2024-03-12 16:59:00
CUST_001096,0,2024-02-27 12:10:00
CUST_001097,0,2023-12-28 13:45:00
CUST_001098,0,2023-12-18 17:26:00
CUST_001099,1,2023-08-15 00:51:00
CUST_001100,1,2023-11-29 05:18:00
CUST_001101,0,2024-02-11 03:51:00
CUST_001102,1,2023-12-23 04:55:00
CUST_001103,0,2024-03-04 07:20:00
CUST_001104,0,2024-02-14 04:15:00
CUST_001105,1,2023-08-06 13:35:00
CUST_001106,0,2024-03-13 00:56:00
CUST_001107,1,2023-11-07 22:10:00
CUST_001108,1,2024-02-26 22:40:00
CUST_001109,0,2024-01-09 00:55:00
CUST_001110,1,2023-10-08 09:11:00
CUST_001111,1,2024-03-14 00:51:00
CUST_001112,0,2024-02-11 06:04:00
CUST_001113,1,2024-01-02 00:46:00
CUST_001114,0,2023-08-31 01:17:00
CUST_001115,0,2024-03-12 06:41:00
CUST_001116,0,2024-01-09 23:51:00
CUST_001117,0,2023-12-31 02:37:00
CUST_001118,0,2024-02-19 01:44:00
CUST_001119,0,2023-12-14 00:05:00
CUST_001120,1,2024-02-26 18:33:00
CUST_001121,0,2024-02-12 07:11:00
CUST_001122,0,2023-12-16 15:50:00
CUST_001123,1,2024-02-21 23:21:00
CUST_001124,1,2023-02-09 04:55:00
CUST_001125,0,2023-10-11 04:53:00
CUST_001126,1,2023-08-13 03:57:00
CUST_001127,0,2024-01-30 09:53:00
CUST_001128,1,2023-11-26 23:01:00
CUST_001129,1,2023-12-06 19:05:00
CUST_001130,0,2023-12-12 12:57:00
CUST_001131,0,2024-01-22 05:01:00
CUST_001132,0,2024-01-26 01:55:00
CUST_001133,1,2024-02-13 14:37:00
CUST_001134,0,2024-02-05 02:23:00
CUST_001135,0,2024-02-24 20:10:00
CUST_001136,1,2023-10-11 14:31:00
CUST_001137,1,2023-12-27 11:14:00
CUST_001138,1,2024-02-17 17:10:00
CUST_001139,0,2024-02-22 15:10:00
CUST_001140,0,2023-11-03 14:33:00
CUST_001141,1,2023-05-30 22:01:00
CUST_001142,1,2024-03-06 13:53:00
CUST_001143,1,2023-06-28 12:10:00
CUST_001144,1,2024-01-06 12:22:00
CUST_001145,0,2024-02-15 02:28:00
CUST_001146,0,2024-01-08 15:29:00
CUST_001147,1,2023-04-08 12:23:00
CUST_001148,0,2024-03-09 16:24:00
CUST_001149,1,2023-10-17 12:38:00
CUST_001150,0,2024-02-28 07:37:00
CUST_001151,0,2024-02-02 04:49:00
CUST_001152,1,2024-02-05 19:29:00
CUST_001153,1,2024-01-26 22:04:00
CUST_001154,0,2024-02-14 09:30:00
CUST_001155,0,2023-12-07 14:30:00
CUST_001156,1,2024-02-06 07:23:00
CUST_001157,0,2024-01-27 00:48:00
CUST_001158,0,2023-12-18 20:14:00
CUST_001159,0,2023-11-08 15:42:00
CUST_001160,0,2023-10-24 13:20:00
CUST_001161,1,2023-12-03 14:14:00
CUST_001162,0,2024-03-13 21:57:00
CUST_001163,0,2023-12-21 00:41:00
CUST_001164,0,2023-09-02 00:13:00
CUST_001165,0,2024-02-28 12:28:00
CUST_001166,1,2023-12-06 14:51:00
CUST_001167,1,2023-11-01 00:50:00
CUST_001168,0,2023-11-10 12:22:00
CUST_001169,0,2023-10-18 12:29:00
CUST_001170,0,2024-02-27 17:03:00
CUST_001171,1,2024-01-20 03:16:00
CUST_001172,1,2024-01-29 00:34:00
CUST_001173,0,2024-03-09 21:05:00
CUST_001174,1,2024-01-06 00:43:00
CUST_001175,1,2023-12-18 19:28:00
CUST_001176,1,2023-12-20 22:22:00
CUST_001177,1,2024-01-11 13:34:00
CUST_001178,1,2023-06-05 10:02:00
CUST_001179,0,2024-01-27 07:23:00
CUST_001180,0,2023-10-28 03:23:00
CUST_001181,0,2024-03-03 16:57:00
CUST_001182,0,2024-01-19 01:50:00
CUST_001183,1,2024-03-08 19:08:00
CUST_001184,1,2024-02-06 03:25:00
CUST_001185,0,2024-03-10 01:19:00
CUST_001186,1,2024-01-20 03:11:00
CUST_001187,0,2024-02-08 20:27:00
CUST_001188,0,2024-03-11 02:24:00
CUST_001189,0,2024-03-13 05:26:00
CUST_001190,1,2023-12-25 05:14:00
CUST_001191,0,2023-10-01 03:24:00
CUST_001192,1,2024-02-11 01:05:00
CUST_001193,1,2023-12-09 03:13:00
CUST_001194,0,2024-03-09 00:08:00
CUST_001195,1,2024-02-01 23:27:00
CUST_001196,0,2024-02-06 09:25:00
CUST_001197,0,2024-02-14 10:43:00
CUST_001198,1,2023-07-02 23:57:00
CUST_001199,0,2024-01-22 02:12:00
CUST_001200,0,2023-11-19 14:51:00
CUST_001201,0,2024-03-13 15:12:00
CUST_001202,1,2023-07-07 16:00:00
CUST_001203,1,2023-12-20 11:26:00
CUST_001204,1,2024-03-05 23:12:00
CUST_001205,1,2024-02-28 02:03:00
CUST_001206,0,2023-12-24 12:32:00
CUST_001207,1,2023-10-09
CUST_001208,1,2024-01-26 20:35:00
CUST_001209,0,2024-03-03 01:37:00
CUST_001210,1,2023-10-06 21:09:00
CUST_001211,0,2023-03-29 00:35:00
CUST_001212,1,2023-10-15 01:38:00
CUST_001213,1,2023-10-14 01:10:00
CUST_001214,0,2024-01-04 19:56:00
CUST_001215,0,2023-09-20 05:59:00
CUST_001216,0,2024-03-04 16:04:00
CUST_001217,0,2023-07-26 19:55:00
CUST_001218,0,2024-02-23 15:03:00
CUST_001219,0,2024-03-06 23:05:00
CUST_001220,0,2024-02-04 23:17:00
CUST_001221,1,2023-02-16
CUST_001222,1,2023-07-13 20:39:00
CUST_001223,0,2023-10-02 01:22:00
CUST_001224,0,2024-01-14 10:44:00
CUST_001225,0,2023-12-04 06:49:00
CUST_001226,0,2024-03-02 06:51:00
CUST_001227,1,2024-02-14 11:33:00
CUST_001228,0,2023-10-15 12:49:00
CUST_001229,0,2024-03-04 14:56:00
CUST_001230,0,2024-01-19 16:37:00
CUST_001231,0,2023-12-14 13:02:00
CUST_001232,0,2024-02-17 19:41:00
CUST_001233,0,2024-03-05 20:06:00
CUST_001234,1,2023-11-15 19:03:00
CUST_001235,1,2023-09-11 00:39:00
CUST_001236,0,2024-01-14 07:33:00
CUST_001237,0,2023-11-06 07:08:00
CUST_001238,1,2023-11-06 01:00:00
CUST_001239,0,2024-02-08 06:17:00
CUST_001240,0,2024-01-06 06:36:00
CUST_001241,0,2024-03-05 20:51:00
CUST_001242,1,2023-10-21 13:23:00
CUST_001243,0,2024-02-20 15:54:00
CUST_001244,0,2024-02-28 17:29:00
CUST_001245,1,2023-08-08 00:24:00
CUST_001246,0,2024-03-09 09:07:00
CUST_001247,0,2024-01-05 01:04:00
CUST_001248,1,2023-05-01 06:59:00
CUST_001249,1,2023-06-09 12:33:00
CUST_001250,0,2024-01-11 00:35:00
CUST_001251,0,2024-01-06 18:17:00
CUST_001252,0,2024-01-26 02:39:00
CUST_001253,0,2024-01-08 20:52:00
CUST_001254,0,2024-02-26 00:03:00
CUST_001255,0,2024-02-12 14:36:00
CUST_001256,0,2023-12-20 16:06:00
CUST_001257,1,2023-09-04 17:57:00
CUST_001258,0,2023-10-30 08:49:00
CUST_001259,0,2023-11-16 16:50:00
CUST_001260,0,2024-01-23 11:12:00
CUST_001261,0,2023-07-08 11:12:00
CUST_001262,1,2023-07-27 15:36:00
CUST_001263,1,2023-05-09 20:17:00
CUST_001264,0,2024-02-10 23:14:00
CUST_001265,0,2023-10-27 18:11:00
CUST_001266,0,2023-12-17 23:05:00
CUST_001267,1,2024-03-02 11:36:00
CUST_001268,0,2024-01-03 05:44:00
CUST_001269,0,2024-01-04 23:05:00
CUST_001270,1,2023-09-09 04:31:00
CUST_001271,1,2023-08-11
CUST_001272,1,2023-10-02 06:22:00
CUST_001273,0,2024-02-06 09:08:00
CUST_001274,1,2024-02-08 01:41:00
CUST_001275,0,2023-12-30 04:33:00
CUST_001276,0,2023-12-15 23:33:00
CUST_001277,0,2023-10-26 14:30:00
CUST_001278,1,2023-08-22
CUST_001279,0,2024-03-14 16:11:00
CUST_001280,1,2023-08-15 14:56:00
CUST_001281,1,2023-10-21 08:10:00
CUST_001282,0,2023-11-23 07:20:00
CUST_001283,1,2023-08-06 17:41:00
CUST_001284,1,2023-01-12 14:46:00
CUST_001285,0,2024-01-09 11:14:00
CUST_001286,1,2023-10-30 12:21:00
CUST_001287,1,2023-12-23 16:24:00
CUST_001288,1,2023-06-15 12:11:00
CUST_001289,0,2024-01-04 13:29:00
CUST_001290,1,2023-12-09
CUST_001291,0,2024-03-02 03:28:00
CUST_001292,0,2023-11-06 00:46:00
CUST_001293,1,2023-12-12 13:30:00
CUST_001294,0,2023-11-05 00:40:00
CUST_001295,1,2023-10-06 09:41:00
CUST_001296,0,2023-02-13 23:11:00
CUST_001297,1,2023-04-15 22:14:00
CUST_001298,0,2023-11-26 16:25:00
CUST_001299,0,2024-02-26 23:24:00
CUST_001300,1,2024-02-11 07:10:00
CUST_001301,0,2024-03-03 15:37:00
CUST_001302,0,2024-02-22 16:37:00
CUST_001303,0,2023-10-02 17:25:00
CUST_001304,1,2023-12-15 03:29:00
CUST_001305,0,2023-07-15 07:32:00
CUST_001306,1,2023-10-06 12:01:00
CUST_001307,0,2024-01-30 08:53:00
CUST_001308,0,2024-02-22 06:01:00
CUST_001309,1,2024-03-12 09:15:00
CUST_001310,1,2023-12-07 11:31:00
CUST_001311,1,2024-02-22 14:14:00
CUST_001312,1,2023-12-04 15:51:00
CUST_001313,0,2023-11-12 02:01:00
CUST_001314,0,2024-03-04 06:10:00
CUST_001315,1,2023-12-26 22:55:00
CUST_001316,1,2024-03-04 00:09:00
CUST_001317,1,2024-03-04 13:18:00
CUST_001318,0,2024-01-18 00:08:00
CUST_001319,1,2023-09-23 19:45:00
CUST_001320,0,2023-12-10 17:46:00
CUST_001321,0,2024-02-26 17:14:00
CUST_001322,0,2024-01-10 09:26:00
CUST_001323,1,2023-11-01
CUST_001324,0,2024-02-12 09:13:00
CUST_001325,1,2023-05-06 23:26:00
CUST_001326,0,2024-01-07 21:10:00
CUST_001327,0,2024-01-13 03:18:00
CUST_001328,0,2023-11-07 10:54:00
CUST_001329,0,2024-01-25 21:26:00
CUST_001330,0,2023-10-29 17:33:00
CUST_001331,1,2023-11-22 10:37:00
CUST_001332,1,2023-05-27 16:45:00
CUST_001333,0,2024-01-31 18:58:00
CUST_001334,1,2024-02-06 11:59:00
CUST_001335,1,2023-12-30 05:15:00
CUST_001336,1,2024-03-12 01:55:00
CUST_001337,0,2023-12-24 14:59:00
CUST_001338,0,2023-04-26 02:52:00
CUST_001339,0,2024-01-30 01:57:00
CUST_001340,0,2024-01-29 14:53:00
CUST_001341,0,2024-03-11 01:02:00
CUST_001342,1,2023-12-16 08:18:00
CUST_001343,0,2024-01-25 09:42:00
CUST_001344,0,2024-02-16 00:10:00
CUST_001345,0,2023-11-11 21:45:00
CUST_001346,1,2023-12-15 02:23:00
CUST_001347,1,2024-01-23 00:53:00
CUST_001348,1,2023-11-14 11:29:00
CUST_001349,0,2023-09-25 11:30:00
CUST_001350,1,2024-01-24 03:28:00
CUST_001351,0,2024-02-16 21:40:00
CUST_001352,0,2024-01-28 19:03:00
CUST_001353,1,2023-11-30 21:51:00
CUST_001354,0,2023-12-30 03:19:00
CUST_001355,1,2024-02-01 19:02:00
CUST_001356,0,2023-11-23 20:23:00
CUST_001357,0,2024-03-05 02:52:00
CUST_001358,1,2024-02-17 12:56:00
CUST_001359,1,2023-11-12 23:16:00
CUST_001360,0,2024-03-07 19:30:00
CUST_001361,0,2023-09-07 09:04:00
CUST_001362,0,2024-02-19 23:01:00
CUST_001363,0,2024-01-06 16:13:00
CUST_001364,1,2024-02-28 06:30:00
CUST_001365,1,2023-12-04 06:09:00
CUST_001366,0,2024-02-27 16:18:00
CUST_001367,1,2024-02-20 12:00:00
CUST_001368,1,2023-11-25 13:44:00
CUST_001369,1,2023-10-20 22:39:00
CUST_001370,1,2023-11-27 16:10:00
CUST_001371,0,2023-11-25 16:37:00
CUST_001372,1,2023-02-04 02:02:00
CUST_001373,0,2023-08-06 06:39:00
CUST_001374,1,2023-08-26
CUST_001375,1,2024-02-21 08:47:00
CUST_001376,0,2024-02-20 18:14:00
CUST_001377,1,2024-02-27 07:48:00
CUST_001378,0,2023-09-20 04:41:00
CUST_001379,0,2024-03-12 03:09:00
CUST_001380,1,2024-02-01 13:40:00
CUST_001381,1,2023-07-14 10:28:00
CUST_001382,0,2023-12-31 11:12:00
CUST_001383,1,2023-06-16 05:11:00
CUST_001384,1,2024-02-27 18:04:00
CUST_001385,1,2023-05-11 09:41:00
CUST_001386,1,2024-03-07 07:53:00
CUST_001387,0,2024-03-06 22:13:00
CUST_001388,0,2023-09-16 11:18:00
CUST_001389,1,2024-02-08 13:42:00
CUST_001390,1,2024-03-13 14:05:00
CUST_001391,0,2024-02-16 18:08:00
CUST_001392,1,2024-03-08 21:49:00
CUST_001393,0,2023-10-03 05:13:00
CUST_001394,0,2024-02-02 18:19:00
CUST_001395,0,2023-08-18 08:17:00
CUST_001396,1,2023-07-29 00:21:00
CUST_001397,0,2024-02-06 08:50:00
CUST_001398,1,2024-03-04 16:23:00
CUST_001399,1,2023-12-18 23:04:00
CUST_001400,0,2024-01-19 16:50:00
CUST_001401,1,2023-12-12 00:59:00
CUST_001402,0,2023-12-28 00:11:00
CUST_001403,0,2024-02-11 16:29:00
CUST_001404,0,2024-03-01 01:30:00
CUST_001405,0,2024-03-05 12:50:00
CUST_001406,1,2023-09-09 21:18:00
CUST_001407,1,2023-12-19 02:53:00
CUST_001408,0,2024-02-20 15:22:00
CUST_001409,1,2024-02-16 19:45:00
CUST_001410,1,2023-08-30 20:44:00
CUST_001411,0,2023-10-31 05:23:00
CUST_001412,0,2023-12-19 10:26:00
CUST_001413,0,2024-01-14 21:57:00
CUST_001414,0,2024-02-26 13:24:00
CUST_001415,1,2024-03-14 23:49:00
CUST_001416,0,2023-12-01 02:13:00
CUST_001417,0,2024-02-08 12:55:00
CUST_001418,1,2023-08-08 14:23:00
CUST_001419,1,2023-12-03 13:27:00
CUST_001420,0,2024-02-26 13:56:00
CUST_001421,1,2024-02-05 07:50:00
CUST_001422,1,2023-09-14 04:48:00
CUST_001423,1,2024-02-23 10:11:00
CUST_001424,0,2023-12-16 19:38:00
CUST_001425,0,2023-12-11 04:06:00
CUST_001426,1,2024-03-07 15:52:00
CUST_001427,0,2024-03-09 10:11:00
CUST_001428,0,2024-01-27 12:11:00
CUST_001429,0,2024-01-29 14:54:00
CUST_001430,0,2024-03-10 12:29:00
CUST_001431,0,2024-01-27 14:07:00
CUST_001432,1,2023-11-01 14:35:00
CUST_001433,1,2023-10-13 15:09:00
CUST_001434,1,2023-09-12 19:14:00
CUST_001435,0,2024-03-14 03:35:00
CUST_001436,0,2024-03-09 03:54:00
CUST_001437,0,2023-10-09 03:43:00
CUST_001438,1,2023-05-21 10:20:00
CUST_001439,1,2023-04-13 13:14:00
CUST_001440,1,2023-11-21 00:25:00
CUST_001441,0,2023-12-28 06:25:00
CUST_001442,1,2024-01-19 11:37:00
CUST_001443,1,2023-11-17 01:36:00
CUST_001444,1,2023-06-24
CUST_001445,0,2023-07-02 07:28:00
CUST_001446,1,2023-05-29 04:15:00
CUST_001447,0,2024-03-10 21:33:00
CUST_001448,0,2023-07-06 08:27:00
CUST_001449,1,2023-09-24 11:06:00
CUST_001450,1,2023-05-19 06:13:00
CUST_001451,1,2024-01-18 19:18:00
CUST_001452,0,2024-01-08 07:51:00
CUST_001453,1,2024-01-05 17:55:00
CUST_001454,0,2023-12-15 23:55:00
CUST_001455,0,2023-12-03 02:49:00
CUST_001456,0,2023-12-09 18:33:00
CUST_001457,1,2023-11-11 11:21:00
CUST_001458,1,2023-07-02 17:45:00
CUST_001459,0,2023-11-22 20:21:00
CUST_001460,1,2023-09-17 23:47:00
CUST_001461,0,2024-03-14 15:51:00
CUST_001462,0,2024-01-02 05:36:00
CUST_001463,1,2023-10-05 01:51:00
CUST_001464,0,2024-02-14 22:29:00
CUST_001465,0,2024-01-20 01:46:00
CUST_001466,0,2024-03-09 11:01:00
CUST_001467,1,2024-01-02 19:41:00
CUST_001468,0,2023-12-01 09:13:00
CUST_001469,0,2024-01-05 23:54:00
CUST_001470,0,2024-03-11 08:47:00
CUST_001471,0,2023-10-02 21:42:00
CUST_001472,0,2023-11-05 08:46:00
CUST_001473,0,2024-02-29 04:17:00
CUST_001474,0,2024-02-18 22:35:00
CUST_001475,0,2023-12-26 20:35:00
CUST_001476,1,2023-09-20 11:26:00
CUST_001477,1,2023-08-14 02:53:00
CUST_001478,1,2023-06-24 21:06:00
CUST_001479,0,2024-01-18 05:48:00
CUST_001480,0,2024-02-19 01:36:00
CUST_001481,0,2024-03-11 20:32:00
CUST_001482,0,2024-02-07 05:47:00
CUST_001483,0,2023-12-30 22:14:00
CUST_001484,0,2023-12-17 17:54:00
CUST_001485,0,2024-03-08 18:05:00
CUST_001486,1,2024-02-19 19:40:00
CUST_001487,0,2024-03-14 11:28:00
CUST_001488,1,2023-12-17 07:37:00
CUST_001489,0,2024-02-02 01:28:00
CUST_001490,1,2023-11-18 22:36:00
CUST_001491,1,2023-12-18 14:36:00
CUST_001492,0,2023-09-28 15:20:00
CUST_001493,0,2023-12-03 23:25:00
CUST_001494,1,2023-11-16 12:59:00
CUST_001495,1,2023-07-25 21:24:00
CUST_001496,1,2023-03-26 01:13:00
CUST_001497,0,2024-01-08 15:16:00
CUST_001498,0,2024-01-21 21:24:00
CUST_001499,1,2023-05-17 04:09:00
CUST_001500,0,2024-03-02 14:07:00
CUST_001501,0,2024-01-30 09:54:00
CUST_001502,1,2023-09-28 01:38:00
CUST_001503,1,2023-09-28 21:22:00
CUST_001504,1,2024-02-06 14:23:00
CUST_001505,1,2024-03-05 02:47:00
CUST_001506,0,2024-02-17 06:12:00
CUST_001507,1,2023-12-03 02:21:00
CUST_001508,0,2024-03-11 04:05:00
CUST_001509,0,2024-02-29 23:14:00
CUST_001510,0,2024-02-15 09:10:00
CUST_001511,0,2024-03-11 20:08:00
CUST_001512,0,2023-08-03 00:55:00
CUST_001513,1,2023-08-18 13:40:00
CUST_001514,1,2024-03-12 11:57:00
CUST_001515,1,2023-12-26 06:33:00
CUST_001516,1,2023-11-04 09:00:00
CUST_001517,1,2024-01-07 17:07:00
CUST_001518,0,2023-08-29 13:37:00
CUST_001519,0,2024-01-30 00:05:00
CUST_001520,1,2023-11-06 14:32:00
CUST_001521,0,2023-09-25 00:50:00
CUST_001522,0,2023-03-16 18:06:00
CUST_001523,0,2023-09-15 15:14:00
CUST_001524,1,2023-08-16 17:34:00
CUST_001525,1,2023-07-13 20:06:00
CUST_001526,1,2023-09-30 18:42:00
CUST_001527,0,2023-10-30 08:57:00
CUST_001528,1,2023-04-13 04:36:00
CUST_001529,1,2023-09-25
CUST_001530,0,2024-03-12 04:10:00
CUST_001531,0,2024-01-16 11:14:00
CUST_001532,1,2024-01-22 13:26:00
CUST_001533,0,2024-03-03 10:24:00
CUST_001534,0,2024-02-08 08:25:00
CUST_001535,0,2024-01-14 17:19:00
CUST_001536,0,2024-02-15 23:11:00
CUST_001537,0,2024-03-04 21:00:00
CUST_001538,1,2024-01-05 14:47:00
CUST_001539,0,2024-02-28 06:16:00
CUST_001540,1,2024-01-01 22:48:00
CUST_001541,1,2023-10-02 03:49:00
CUST_001542,1,2024-02-11 17:36:00
CUST_001543,0,2024-03-10 07:31:00
CUST_001544,1,2023-11-25 11:07:00
CUST_001545,0,2024-01-23 16:21:00
CUST_001546,0,2023-12-13 00:53:00
CUST_001547,0,2024-01-11 21:46:00
CUST_001548,0,2024-03-07 13:20:00
CUST_001549,1,2023-10-14 20:45:00
CUST_001550,1,2023-05-16 22:31:00
CUST_001551,0,2024-02-07 15:40:00
CUST_001552,1,2023-12-22 05:26:00
CUST_001553,1,2023-08-23
CUST_001554,0,2024-02-16 23:37:00
CUST_001555,0,2024-02-07 19:20:00
CUST_001556,1,2024-01-17 06:19:00
CUST_001557,0,2024-02-15 23:40:00
CUST_001558,0,2023-12-29 05:05:00
CUST_001559,1,2024-02-26 06:05:00
CUST_001560,1,2023-11-27 09:28:00
CUST_001561,0,2024-02-24 03:20:00
CUST_001562,1,2023-11-18 18:15:00
CUST_001563,0,2023-12-10 04:38:00
CUST_001564,0,2023-12-08 17:46:00
CUST_001565,0,2024-03-13 09:42:00
CUST_001566,0,2023-12-29 17:54:00
CUST_001567,0,2024-01-04 10:42:00
CUST_001568,1,2023-10-18 18:47:00
CUST_001569,1,2024-02-24 16:05:00
CUST_001570,0,2023-12-02 22:03:00
CUST_001571,0,2024-02-24 22:12:00
CUST_001572,0,2023-12-20 14:42:00
CUST_001573,0,2023-12-13 01:22:00
CUST_001574,0,2024-02-15 21:19:00
CUST_001575,0,2023-10-20 20:44:00
CUST_001576,0,2024-02-16 07:29:00
CUST_001577,1,2023-05-10
CUST_001578,1,2023-12-25 09:03:00
CUST_001579,0,2024-01-22 14:54:00
CUST_001580,1,2023-07-22 06:26:00
CUST_001581,0,2024-03-09 07:36:00
CUST_001582,1,2023-11-25 17:46:00
CUST_001583,1,2023-12-19 16:58:00
CUST_001584,0,2024-02-04 12:21:00
CUST_001585,1,2023-04-03 10:51:00
CUST_001586,1,2023-12-06 17:42:00
CUST_001587,0,2023-08-15 15:10:00
CUST_001588,0,2023-11-02 13:46:00
CUST_001589,0,2024-02-13 07:32:00
CUST_001590,0,2023-11-09 11:48:00
CUST_001591,0,2024-02-23 01:41:00
CUST_001592,0,2023-10-09 20:27:00
CUST_001593,1,2023-08-30 04:33:00
CUST_001594,0,2024-02-11 13:37:00
CUST_001595,0,2024-01-24 08:11:00
CUST_001596,0,2024-02-09 07:19:00
CUST_001597,1,2023-12-07 10:01:00
CUST_001598,1,2023-06-02 07:30:00
CUST_001599,0,2024-03-01 17:41:00
CUST_001600,0,2023-10-10 08:47:00
CUST_001601,0,2024-02-02 16:58:00
CUST_001602,1,2023-05-28
CUST_001603,0,2024-02-19 02:58:00
CUST_001604,0,2024-01-15 05:18:00
CUST_001605,0,2023-11-27 16:27:00
CUST_001606,0,2023-12-24 06:23:00
CUST_001607,1,2023-09-14 01:00:00
CUST_001608,0,2023-09-23 02:43:00
CUST_001609,1,2023-05-12
CUST_001610,1,2023-10-25 10:53:00
CUST_001611,0,2024-01-30 21:44:00
CUST_001612,0,2024-01-24 23:53:00
CUST_001613,0,2023-11-04 20:10:00
CUST_001614,1,2023-08-01 11:27:00
CUST_001615,1,2023-09-26 19:49:00
CUST_001616,1,2023-07-16 08:49:00
CUST_001617,1,2023-11-26 12:54:00
CUST_001618,1,2023-11-23 06:26:00
CUST_001619,0,2023-08-05 09:21:00
CUST_001620,0,2023-10-22 01:31:00
CUST_001621,1,2023-08-06 14:25:00
CUST_001622,1,2023-11-08 16:17:00
CUST_001623,1,2024-02-02 11:11:00
CUST_001624,0,2024-02-15 11:29:00
CUST_001625,0,2024-01-09 23:55:00
CUST_001626,1,2023-11-28 10:39:00
CUST_001627,1,2023-12-03 15:44:00
CUST_001628,0,2024-03-07 06:31:00
CUST_001629,1,2023-10-23 06:58:00
CUST_001630,0,2023-08-23 20:02:00
CUST_001631,0,2024-02-17 15:29:00
CUST_001632,0,2024-01-15 04:14:00
CUST_001633,1,2023-11-27 12:21:00
CUST_001634,1,2023-12-28 18:30:00
CUST_001635,0,2024-01-30 05:08:00
CUST_001636,1,2024-03-11 10:02:00
CUST_001637,0,2023-10-21 15:13:00
CUST_001638,0,2024-01-05 01:38:00
CUST_001639,0,2023-12-18 08:34:00
CUST_001640,1,2023-06-06 13:55:00
CUST_001641,1,2023-07-30 10:29:00
CUST_001642,0,2023-11-24 07:37:00
CUST_001643,1,2023-04-15
CUST_001644,0,2024-01-14 21:18:00
CUST_001645,1,2023-04-02
CUST_001646,0,2024-02-17 01:51:00
CUST_001647,1,2024-02-09 21:08:00
CUST_001648,1,2023-11-18 13:53:00
CUST_001649,1,2023-08-18
CUST_001650,0,2024-03-09 06:37:00
CUST_001651,1,2023-02-14 15:10:00
CUST_001652,0,2023-12-18 23:06:00
CUST_001653,0,2023-12-31 08:10:00
CUST_001654,0,2024-02-20 12:13:00
CUST_001655,1,2024-01-13 04:12:00
CUST_001656,1,2023-05-07 00:36:00
CUST_001657,0,2024-02-14 04:39:00
CUST_001658,0,2023-11-23 12:27:00
CUST_001659,0,2023-12-08 15:18:00
CUST_001660,1,2024-01-30 17:58:00
CUST_001661,0,2024-03-11 11:14:00
CUST_001662,0,2024-01-29 12:11:00
CUST_001663,0,2023-11-12 23:23:00
CUST_001664,0,2023-07-15 16:46:00
CUST_001665,0,2024-01-26 06:17:00
CUST_001666,0,2024-01-23 20:45:00
CUST_001667,0,2024-02-09 06:05:00
CUST_001668,1,2024-03-07 20:47:00
CUST_001669,1,2024-02-18 07:50:00
CUST_001670,1,2023-08-01 15:01:00
CUST_001671,0,2024-02-11 18:39:00
CUST_001672,1,2024-01-19 15:23:00
CUST_001673,1,2024-02-21 02:38:00
CUST_001674,1,2023-06-18 23:37:00
CUST_001675,0,2023-12-12 22:28:00
CUST_001676,0,2024-01-20 05:23:00
CUST_001677,0,2024-02-28 00:57:00
CUST_001678,0,2024-02-17 12:05:00
CUST_001679,1,2023-08-06 18:01:00
CUST_001680,1,2023-03-22 03:37:00
CUST_001681,0,2024-01-23 22:54:00
CUST_001682,0,2023-10-15 00:24:00
CUST_001683,1,2023-07-19 17:23:00
CUST_001684,1,2023-12-26 12:24:00
CUST_001685,0,2024-01-13 01:46:00
CUST_001686,0,2023-08-02 21:59:00
CUST_001687,0,2024-01-03 15:38:00
CUST_001688,1,2023-11-23 20:22:00
CUST_001689,0,2023-05-31 16:35:00
CUST_001690,0,2023-12-05 22:28:00
CUST_001691,0,2024-02-21 07:39:00
CUST_001692,0,2024-02-01 10:12:00
CUST_001693,1,2024-02-26 17:15:00
CUST_001694,0,2023-11-23 05:21:00
CUST_001695,1,2023-01-19 22:52:00
CUST_001696,0,2023-11-06 01:05:00
CUST_001697,0,2024-02-19 18:13:00
CUST_001698,0,2024-01-22 21:14:00
CUST_001699,0,2024-03-07 14:31:00
CUST_001700,1,2024-01-23 23:15:00
CUST_001701,0,2023-12-30 08:50:00
CUST_001702,0,2024-01-16 00:05:00
CUST_001703,1,2023-06-27 04:24:00
CUST_001704,0,2024-02-08 14:49:00
CUST_001705,0,2024-03-01 04:38:00
CUST_001706,0,2023-11-16 13:03:00
CUST_001707,0,2024-02-09 23:30:00
CUST_001708,1,2023-05-13 08:37:00
CUST_001709,1,2023-08-09 18:40:00
CUST_001710,1,2024-02-04 15:35:00
CUST_001711,1,2023-07-18
CUST_001712,0,2023-09-10 08:10:00
CUST_001713,0,2023-11-16 23:32:00
CUST_001714,0,2024-01-20 14:15:00
CUST_001715,1,2023-12-12 05:51:00
CUST_001716,1,2023-01-07 23:07:00
CUST_001717,1,2023-08-02 05:06:00
CUST_001718,0,2024-02-24 12:32:00
CUST_001719,0,2024-02-07 20:33:00
CUST_001720,0,2024-02-19 23:47:00
CUST_001721,0,2024-02-02 00:12:00
CUST_001722,1,2023-03-23 03:20:00
CUST_001723,1,2024-01-26 01:53:00
CUST_001724,1,2024-03-11 14:31:00
CUST_001725,0,2023-12-17 19:05:00
CUST_001726,0,2023-09-17 03:11:00
CUST_001727,0,2023-11-03 22:55:00
CUST_001728,1,2023-12-29 18:06:00
CUST_001729,1,2024-02-18 03:52:00
CUST_001730,1,2023-11-17 10:01:00
CUST_001731,0,2024-01-22 23:30:00
CUST_001732,0,2024-01-01 14:51:00
CUST_001733,1,2023-06-14 05:59:00
CUST_001734,1,2023-10-09 19:00:00
CUST_001735,0,2024-02-06 12:15:00
CUST_001736,0,2023-02-25 17:34:00
CUST_001737,0,2024-02-25 19:43:00
CUST_001738,1,2024-01-19 22:07:00
CUST_001739,1,2023-05-18 09:29:00
CUST_001740,1,2023-08-18 08:14:00
CUST_001741,1,2024-02-23 18:27:00
CUST_001742,1,2023-07-22 12:39:00
CUST_001743,1,2023-11-28 09:15:00
CUST_001744,1,2023-06-12 04:58:00
CUST_001745,1,2023-07-18 01:06:00
CUST_001746,0,2024-01-18 09:52:00
CUST_001747,0,2023-10-30 20:37:00
CUST_001748,0,2024-03-01 07:51:00
CUST_001749,1,2024-02-03 21:37:00
CUST_001750,0,2023-12-08 00:42:00
CUST_001751,0,2024-03-12 04:07:00
CUST_001752,0,2024-03-13 13:37:00
CUST_001753,0,2024-02-24 20:05:00
CUST_001754,0,2023-12-13 04:53:00
CUST_001755,0,2024-02-23 06:04:00
CUST_001756,1,2023-12-11 00:23:00
CUST_001757,0,2024-03-05 14:26:00
CUST_001758,1,2024-02-17 01:13:00
CUST_001759,0,2024-02-09 08:38:00
CUST_001760,0,2024-02-16 18:17:00
CUST_001761,0,2024-01-27 16:55:00
CUST_001762,0,2024-01-11 11:25:00
CUST_001763,1,2023-09-01 14:56:00
CUST_001764,0,2024-01-04 14:49:00
CUST_001765,0,2024-02-17 03:08:00
CUST_001766,1,2023-05-19 22:30:00
CUST_001767,0,2023-08-16 01:14:00
CUST_001768,0,2024-02-18 16:27:00
CUST_001769,1,2024-01-23 13:57:00
CUST_001770,1,2023-12-24 20:03:00
CUST_001771,1,2023-06-13 14:27:00
CUST_001772,0,2024-03-11 21:31:00
CUST_001773,1,2024-03-08 03:13:00
CUST_001774,0,2024-01-09 23:48:00
CUST_001775,0,2024-02-20 00:30:00
CUST_001776,0,2023-09-11 15:25:00
CUST_001777,1,2023-10-10 18:53:00
CUST_001778,1,2023-11-15 09:24:00
CUST_001779,1,2024-02-11 20:50:00
CUST_001780,1,2023-12-09 00:25:00
CUST_001781,0,2023-10-03 20:20:00
CUST_001782,1,2023-12-03 16:34:00
CUST_001783,1,2023-11-02 11:02:00
CUST_001784,0,2023-12-28 07:21:00
CUST_001785,0,2024-01-31 08:02:00
CUST_001786,1,2023-08-15 20:26:00
CUST_001787,1,2024-01-24 05:12:00
CUST_001788,1,2024-02-13 01:28:00
CUST_001789,1,2023-07-26 07:46:00
CUST_001790,1,2023-09-21 08:06:00
CUST_001791,1,2024-02-17 05:46:00
CUST_001792,0,2024-02-15 18:59:00
CUST_001793,1,2023-01-21 12:53:00
CUST_001794,1,2023-07-28 04:49:00
CUST_001795,1,2023-09-30 09:43:00
CUST_001796,0,2024-01-02 23:08:00
CUST_001797,0,2024-02-07 19:25:00
CUST_001798,1,2023-09-26 23:32:00
CUST_001799,1,2023-12-03 10:17:00
CUST_001800,1,2023-07-30 06:48:00
CUST_001801,1,2023-11-23 16:18:00
CUST_001802,0,2023-09-17 04:52:00
CUST_001803,1,2023-11-16
CUST_001804,0,2024-01-19 14:44:00
CUST_001805,1,2023-11-07 15:16:00
CUST_001806,0,2024-02-29 05:25:00
CUST_001807,0,2024-02-17 15:38:00
CUST_001808,1,2024-03-13 02:01:00
CUST_001809,0,2024-02-26 20:12:00
CUST_001810,0,2024-01-11 14:28:00
CUST_001811,0,2023-09-20 19:31:00
CUST_001812,0,2023-04-30 20:29:00
CUST_001813,0,2024-01-02 15:04:00
CUST_001814,1,2023-11-16 19:30:00
CUST_001815,1,2023-11-29 21:13:00
CUST_001816,0,2023-12-25 01:25:00
CUST_001817,1,2023-11-07 03:31:00
CUST_001818,0,2024-02-17 04:31:00
CUST_001819,0,2024-01-02 16:33:00
CUST_001820,1,2023-12-03 03:25:00
CUST_001821,1,2023-11-28 16:22:00
CUST_001822,1,2024-02-14 21:30:00
CUST_001823,0,2023-12-06 06:36:00
CUST_001824,0,2024-03-03 07:28:00
CUST_001825,1,2024-01-08 08:04:00
CUST_001826,1,2023-11-17 14:27:00
CUST_001827,0,2023-12-18 23:19:00
CUST_001828,1,2023-12-13 01:22:00
CUST_001829,0,2024-03-09 15:07:00
CUST_001830,1,2024-01-05 04:04:00
CUST_001831,0,2023-11-02 18:40:00
CUST_001832,0,2024-01-30 12:22:00
CUST_001833,1,2023-05-18 23:49:00
CUST_001834,1,2024-03-13 07:31:00
CUST_001835,1,2023-09-12 05:28:00
CUST_001836,1,2024-01-16 14:00:00
CUST_001837,0,2024-01-18 02:49:00
CUST_001838,1,2023-12-22 17:41:00
CUST_001839,1,2023-09-20 21:06:00
CUST_001840,1,2023-09-24
CUST_001841,0,2023-12-02 06:24:00
CUST_001842,0,2024-01-21 07:48:00
CUST_001843,1,2024-02-03 23:21:00
CUST_001844,0,2024-02-04 04:55:00
CUST_001845,0,2023-11-15 15:17:00
CUST_001846,0,2024-02-02 15:16:00
CUST_001847,1,2024-02-07 08:35:00
CUST_001848,0,2023-11-09 13:21:00
CUST_001849,1,2023-07-19 16:04:00
CUST_001850,0,2024-02-13 09:35:00
CUST_001851,0,2024-02-18 19:23:00
CUST_001852,0,2023-10-25 18:38:00
CUST_001853,0,2024-02-15 00:20:00
CUST_001854,0,2023-11-13 19:05:00
CUST_001855,1,2023-12-06 13:42:00
CUST_001856,1,2023-12-17 22:21:00
CUST_001857,0,2024-02-24 01:03:00
CUST_001858,0,2023-07-17 09:40:00
CUST_001859,1,2023-09-24 16:04:00
CUST_001860,0,2023-11-07 17:56:00
CUST_001861,0,2024-02-15 17:57:00
CUST_001862,1,2024-01-05 05:12:00
CUST_001863,1,2023-12-09 07:34:00
CUST_001864,1,2023-05-23 09:31:00
CUST_001865,0,2024-02-25 20:25:00
CUST_001866,1,2023-09-15 08:34:00
CUST_001867,0,2024-02-13 03:56:00
CUST_001868,0,2024-01-22 18:35:00
CUST_001869,0,2024-01-28 17:04:00
CUST_001870,0,2024-02-15 19:59:00
CUST_001871,1,2023-12-10 02:51:00
CUST_001872,1,2023-07-13 04:10:00
CUST_001873,1,2023-12-23 23:56:00
CUST_001874,1,2023-12-27 17:24:00
CUST_001875,0,2024-01-26 00:55:00
CUST_001876,1,2023-09-30 10:46:00
CUST_001877,1,2024-03-12 20:03:00
CUST_001878,0,2024-03-07 23:36:00
CUST_001879,0,2023-11-23 04:16:00
CUST_001880,0,2024-03-02 15:42:00
CUST_001881,0,2023-12-30 00:49:00
CUST_001882,0,2024-02-04 00:30:00
CUST_001883,1,2023-12-16 00:56:00
CUST_001884,0,2023-12-24 02:43:00
CUST_001885,0,2023-10-18 06:11:00
CUST_001886,1,2024-03-14 21:11:00
CUST_001887,1,2023-10-03 06:42:00
CUST_001888,1,2024-01-18 23:57:00
CUST_001889,1,2023-12-04 20:11:00
CUST_001890,1,2023-12-03 13:15:00
CUST_001891,0,2023-12-06 11:06:00
CUST_001892,1,2023-11-15 15:17:00
CUST_001893,0,2024-02-04 20:55:00
CUST_001894,1,2023-10-23 03:00:00
CUST_001895,0,2024-02-11 09:39:00
CUST_001896,0,2024-02-08 11:58:00
CUST_001897,1,2023-03-23 00:53:00
CUST_001898,0,2023-12-27 08:20:00
CUST_001899,1,2023-07-27
CUST_001900,0,2024-02-10 17:20:00
CUST_001901,1,2023-12-01 13:25:00
CUST_001902,0,2023-01-11 08:03:00
CUST_001903,1,2023-07-11 05:19:00
CUST_001904,1,2023-03-20
CUST_001905,0,2024-02-28 04:58:00
CUST_001906,0,2023-11-24 07:46:00
CUST_001907,0,2023-05-13 05:42:00
CUST_001908,0,2024-02-02 16:24:00
CUST_001909,1,2023-11-09 03:27:00
CUST_001910,1,2024-02-14 06:07:00
CUST_001911,0,2024-02-20 21:40:00
CUST_001912,0,2024-01-25 07:52:00
CUST_001913,0,2024-03-09 15:04:00
CUST_001914,0,2024-02-03 01:02:00
CUST_001915,0,2024-02-05 07:13:00
CUST_001916,0,2023-12-20 17:19:00
CUST_001917,1,2023-08-24 03:18:00
CUST_001918,1,2023-08-04 09:35:00
CUST_001919,1,2023-05-15 20:01:00
CUST_001920,0,2023-11-10 07:55:00
CUST_001921,0,2024-02-16 04:34:00
CUST_001922,0,2023-09-16 02:29:00
CUST_001923,1,2023-10-04 19:25:00
CUST_001924,1,2023-10-24 22:56:00
CUST_001925,0,2024-03-03 14:53:00
CUST_001926,0,2024-01-13 08:26:00
CUST_001927,0,2024-02-29 11:40:00
CUST_001928,1,2023-10-26 06:13:00
CUST_001929,0,2023-09-26 06:51:00
CUST_001930,1,2023-12-28 23:12:00
CUST_001931,1,2023-11-22 10:12:00
CUST_001932,0,2024-03-10 15:42:00
CUST_001933,0,2023-11-02 08:18:00
CUST_001934,0,2024-02-10 09:47:00
CUST_001935,1,2023-12-12 14:47:00
CUST_001936,0,2024-01-19 16:13:00
CUST_001937,0,2024-02-28 13:58:00
CUST_001938,1,2024-01-23 09:55:00
CUST_001939,1,2024-01-06 01:06:00
CUST_001940,0,2024-02-11 14:03:00
CUST_001941,0,2023-11-24 03:18:00
CUST_001942,1,2024-03-03 15:22:00
CUST_001943,1,2023-08-01 07:57:00
CUST_001944,1,2024-02-28 09:03:00
CUST_001945,1,2023-09-07 05:52:00
CUST_001946,1,2024-02-19
CUST_001947,1,2023-02-20 23:39:00
CUST_001948,0,2024-03-13 17:27:00
CUST_001949,0,2024-01-20 04:08:00
CUST_001950,0,2023-09-30 19:13:00
CUST_001951,1,2023-07-06 10:20:00
CUST_001952,1,2024-02-28 21:40:00
CUST_001953,1,2023-10-30 11:55:00
CUST_001954,0,2023-06-12 02:59:00
CUST_001955,0,2024-01-09 01:56:00
CUST_001956,0,2024-01-12 15:38:00
CUST_001957,0,2024-01-31 18:32:00
CUST_001958,0,2024-01-10 08:19:00
CUST_001959,0,2024-02-13 09:39:00
CUST_001960,1,2023-11-24 18:07:00
CUST_001961,1,2023-12-16 16:15:00
CUST_001962,1,2023-11-06 03:18:00
CUST_001963,1,2023-03-18
CUST_001964,1,2024-01-29 22:49:00
CUST_001965,0,2024-01-21 07:00:00
CUST_001966,1,2023-09-16 05:53:00
CUST_001967,0,2023-10-27 01:15:00
CUST_001968,1,2024-03-14 22:15:00
CUST_001969,1,2023-12-16 01:07:00
CUST_001970,1,2023-05-01 05:37:00
CUST_001971,1,2023-08-16 00:19:00
CUST_001972,0,2024-03-04 17:32:00
CUST_001973,0,2023-06-29 12:50:00
CUST_001974,0,2024-03-01 11:59:00
CUST_001975,0,2024-02-23 22:13:00
CUST_001976,0,2023-11-14 19:02:00
CUST_001977,1,2023-08-31 13:59:00
CUST_001978,0,2024-02-06 07:40:00
CUST_001979,1,2023-12-22 10:53:00
CUST_001980,0,2023-12-04 10:58:00
CUST_001981,0,2024-01-03 04:10:00
CUST_001982,0,2024-02-14 06:08:00
CUST_001983,1,2023-10-11 17:07:00
CUST_001984,0,2024-01-17 11:13:00
CUST_001985,1,2023-06-16 17:25:00
CUST_001986,1,2023-12-17 04:29:00
CUST_001987,0,2024-03-10 16:23:00
CUST_001988,0,2024-02-26 15:02:00
CUST_001989,0,2023-12-29 18:39:00
CUST_001990,0,2023-11-06 02:35:00
CUST_001991,1,2023-09-16 10:27:00
CUST_001992,1,2024-02-05 22:21:00
CUST_001993,0,2024-01-12 12:42:00
CUST_001994,0,2024-02-03 20:17:00
CUST_001995,1,2023-04-25
CUST_001996,0,2024-02-29 08:59:00
CUST_001997,0,2024-02-29 00:09:00
CUST_001998,1,2023-03-16 22:38:00
CUST_001999,0,2024-01-03 04:14:00
CUST_002000,0,2024-02-19 09:01:00
